ID,Pokemon,Generation,Type,Total,HP,Attack,Defence,Sp.Atack,Sp.Defence,Speed,Previos,Next
001,Bulbasaur,1,"['Grass', 'Poison']",318,45,49,49,65,65,45,Null,Ivysaur
002,Ivysaur,1,"['Grass', 'Poison']",405,60,62,63,80,80,60,Bulbasaur,Venusaur
003,Venusaur,1,"['Grass', 'Poison']",525,80,82,83,100,100,80,Ivysaur,Charmander
004,Charmander,1,"['Fire', 'Null']",309,39,52,43,60,50,65,Venusaur,Charmeleon
005,Charmeleon,1,"['Fire', 'Null']",405,58,64,58,80,65,80,Charmander,Charizard
006,Charizard,1,"['Fire', 'Flying']",534,78,84,78,109,85,100,Charmeleon,Squirtle
007,Squirtle,1,"['Water', 'Null']",314,44,48,65,50,64,43,Charizard,Wartortle
008,Wartortle,1,"['Water', 'Null']",405,59,63,80,65,80,58,Squirtle,Blastoise
009,Blastoise,1,"['Water', 'Null']",530,79,83,100,85,105,78,Wartortle,Caterpie
010,Caterpie,1,"['Bug', 'Null']",195,45,30,35,20,20,45,Blastoise,Metapod
011,Metapod,1,"['Bug', 'Null']",205,50,20,55,25,25,30,Caterpie,Butterfree
012,Butterfree,1,"['Bug', 'Flying']",395,60,45,50,90,80,70,Metapod,Weedle
013,Weedle,1,"['Bug', 'Poison']",195,40,35,30,20,20,50,Butterfree,Kakuna
014,Kakuna,1,"['Bug', 'Poison']",205,45,25,50,25,25,35,Weedle,Beedrill
015,Beedrill,1,"['Bug', 'Poison']",395,65,90,40,45,80,75,Kakuna,Pidgey
016,Pidgey,1,"['Normal', 'Flying']",251,40,45,40,35,35,56,Beedrill,Pidgeotto
017,Pidgeotto,1,"['Normal', 'Flying']",349,63,60,55,50,50,71,Pidgey,Pidgeot
018,Pidgeot,1,"['Normal', 'Flying']",479,83,80,75,70,70,101,Pidgeotto,Rattata
019,Rattata,1,"['Normal', 'Null']",253,30,56,35,25,35,72,Pidgeot,Raticate
020,Raticate,1,"['Normal', 'Null']",413,55,81,60,50,70,97,Rattata,Spearow
021,Spearow,1,"['Normal', 'Flying']",262,40,60,30,31,31,70,Raticate,Fearow
022,Fearow,1,"['Normal', 'Flying']",442,65,90,65,61,61,100,Spearow,Ekans
023,Ekans,1,"['Poison', 'Null']",288,35,60,44,40,54,55,Fearow,Arbok
024,Arbok,1,"['Poison', 'Null']",448,60,95,69,65,79,80,Ekans,Pikachu
025,Pikachu,1,"['Electric', 'Null']",320,35,55,40,50,50,90,Arbok,Raichu
026,Raichu,1,"['Electric', 'Null']",485,60,90,55,90,80,110,Pikachu,Sandshrew
027,Sandshrew,1,"['Ground', 'Null']",300,50,75,85,20,30,40,Raichu,Sandslash
028,Sandslash,1,"['Ground', 'Null']",450,75,100,110,45,55,65,Sandshrew,Nidoran♀
029,Nidoran♀,1,"['Poison', 'Null']",275,55,47,52,40,40,41,Sandslash,Nidorina
030,Nidorina,1,"['Poison', 'Null']",365,70,62,67,55,55,56,Nidoran♀,Nidoqueen
031,Nidoqueen,1,"['Poison', 'Ground']",505,90,92,87,75,85,76,Nidorina,Nidoran♂
032,Nidoran♂,1,"['Poison', 'Null']",273,46,57,40,40,40,50,Nidoqueen,Nidorino
033,Nidorino,1,"['Poison', 'Null']",365,61,72,57,55,55,65,Nidoran♂,Nidoking
034,Nidoking,1,"['Poison', 'Ground']",505,81,102,77,85,75,85,Nidorino,Clefairy
035,Clefairy,1,"['Fairy', 'Null']",323,70,45,48,60,65,35,Nidoking,Clefable
036,Clefable,1,"['Fairy', 'Null']",483,95,70,73,95,90,60,Clefairy,Vulpix
037,Vulpix,1,"['Fire', 'Null']",299,38,41,40,50,65,65,Clefable,Ninetales
038,Ninetales,1,"['Fire', 'Null']",505,73,76,75,81,100,100,Vulpix,Jigglypuff
039,Jigglypuff,1,"['Normal', 'Fairy']",270,115,45,20,45,25,20,Ninetales,Wigglytuff
040,Wigglytuff,1,"['Normal', 'Fairy']",435,140,70,45,85,50,45,Jigglypuff,Zubat
041,Zubat,1,"['Poison', 'Flying']",245,40,45,35,30,40,55,Wigglytuff,Golbat
042,Golbat,1,"['Poison', 'Flying']",455,75,80,70,65,75,90,Zubat,Oddish
043,Oddish,1,"['Grass', 'Poison']",320,45,50,55,75,65,30,Golbat,Gloom
044,Gloom,1,"['Grass', 'Poison']",395,60,65,70,85,75,40,Oddish,Vileplume
045,Vileplume,1,"['Grass', 'Poison']",490,75,80,85,110,90,50,Gloom,Paras
046,Paras,1,"['Bug', 'Grass']",285,35,70,55,45,55,25,Vileplume,Parasect
047,Parasect,1,"['Bug', 'Grass']",405,60,95,80,60,80,30,Paras,Venonat
048,Venonat,1,"['Bug', 'Poison']",305,60,55,50,40,55,45,Parasect,Venomoth
049,Venomoth,1,"['Bug', 'Poison']",450,70,65,60,90,75,90,Venonat,Diglett
050,Diglett,1,"['Ground', 'Null']",265,10,55,25,35,45,95,Venomoth,Dugtrio
051,Dugtrio,1,"['Ground', 'Null']",425,35,100,50,50,70,120,Diglett,Meowth
052,Meowth,1,"['Normal', 'Null']",290,40,45,35,40,40,90,Dugtrio,Persian
053,Persian,1,"['Normal', 'Null']",440,65,70,60,65,65,115,Meowth,Psyduck
054,Psyduck,1,"['Water', 'Null']",320,50,52,48,65,50,55,Persian,Golduck
055,Golduck,1,"['Water', 'Null']",500,80,82,78,95,80,85,Psyduck,Mankey
056,Mankey,1,"['Fighting', 'Null']",305,40,80,35,35,45,70,Golduck,Primeape
057,Primeape,1,"['Fighting', 'Null']",455,65,105,60,60,70,95,Mankey,Growlithe
058,Growlithe,1,"['Fire', 'Null']",350,55,70,45,70,50,60,Primeape,Arcanine
059,Arcanine,1,"['Fire', 'Null']",555,90,110,80,100,80,95,Growlithe,Poliwag
060,Poliwag,1,"['Water', 'Null']",300,40,50,40,40,40,90,Arcanine,Poliwhirl
061,Poliwhirl,1,"['Water', 'Null']",385,65,65,65,50,50,90,Poliwag,Poliwrath
062,Poliwrath,1,"['Water', 'Fighting']",510,90,95,95,70,90,70,Poliwhirl,Abra
063,Abra,1,"['Psychic', 'Null']",310,25,20,15,105,55,90,Poliwrath,Kadabra
064,Kadabra,1,"['Psychic', 'Null']",400,40,35,30,120,70,105,Abra,Alakazam
065,Alakazam,1,"['Psychic', 'Null']",500,55,50,45,135,95,120,Kadabra,Machop
066,Machop,1,"['Fighting', 'Null']",305,70,80,50,35,35,35,Alakazam,Machoke
067,Machoke,1,"['Fighting', 'Null']",405,80,100,70,50,60,45,Machop,Machamp
068,Machamp,1,"['Fighting', 'Null']",505,90,130,80,65,85,55,Machoke,Bellsprout
069,Bellsprout,1,"['Grass', 'Poison']",300,50,75,35,70,30,40,Machamp,Weepinbell
070,Weepinbell,1,"['Grass', 'Poison']",390,65,90,50,85,45,55,Bellsprout,Victreebel
071,Victreebel,1,"['Grass', 'Poison']",490,80,105,65,100,70,70,Weepinbell,Tentacool
072,Tentacool,1,"['Water', 'Poison']",335,40,40,35,50,100,70,Victreebel,Tentacruel
073,Tentacruel,1,"['Water', 'Poison']",515,80,70,65,80,120,100,Tentacool,Geodude
074,Geodude,1,"['Rock', 'Ground']",300,40,80,100,30,30,20,Tentacruel,Graveler
075,Graveler,1,"['Rock', 'Ground']",390,55,95,115,45,45,35,Geodude,Golem
076,Golem,1,"['Rock', 'Ground']",495,80,120,130,55,65,45,Graveler,Ponyta
077,Ponyta,1,"['Fire', 'Null']",410,50,85,55,65,65,90,Golem,Rapidash
078,Rapidash,1,"['Fire', 'Null']",500,65,100,70,80,80,105,Ponyta,Slowpoke
079,Slowpoke,1,"['Water', 'Psychic']",315,90,65,65,40,40,15,Rapidash,Slowbro
080,Slowbro,1,"['Water', 'Psychic']",490,95,75,110,100,80,30,Slowpoke,Magnemite
081,Magnemite,1,"['Electric', 'Steel']",325,25,35,70,95,55,45,Slowbro,Magneton
082,Magneton,1,"['Electric', 'Steel']",465,50,60,95,120,70,70,Magnemite,Farfetch'd
083,Farfetch'd,1,"['Normal', 'Flying']",377,52,90,55,58,62,60,Magneton,Doduo
084,Doduo,1,"['Normal', 'Flying']",310,35,85,45,35,35,75,Farfetch'd,Dodrio
085,Dodrio,1,"['Normal', 'Flying']",470,60,110,70,60,60,110,Doduo,Seel
086,Seel,1,"['Water', 'Null']",325,65,45,55,45,70,45,Dodrio,Dewgong
087,Dewgong,1,"['Water', 'Ice']",475,90,70,80,70,95,70,Seel,Grimer
088,Grimer,1,"['Poison', 'Null']",325,80,80,50,40,50,25,Dewgong,Muk
089,Muk,1,"['Poison', 'Null']",500,105,105,75,65,100,50,Grimer,Shellder
090,Shellder,1,"['Water', 'Null']",305,30,65,100,45,25,40,Muk,Cloyster
091,Cloyster,1,"['Water', 'Ice']",525,50,95,180,85,45,70,Shellder,Gastly
092,Gastly,1,"['Ghost', 'Poison']",310,30,35,30,100,35,80,Cloyster,Haunter
093,Haunter,1,"['Ghost', 'Poison']",405,45,50,45,115,55,95,Gastly,Gengar
094,Gengar,1,"['Ghost', 'Poison']",500,60,65,60,130,75,110,Haunter,Onix
095,Onix,1,"['Rock', 'Ground']",385,35,45,160,30,45,70,Gengar,Drowzee
096,Drowzee,1,"['Psychic', 'Null']",328,60,48,45,43,90,42,Onix,Hypno
097,Hypno,1,"['Psychic', 'Null']",483,85,73,70,73,115,67,Drowzee,Krabby
098,Krabby,1,"['Water', 'Null']",325,30,105,90,25,25,50,Hypno,Kingler
099,Kingler,1,"['Water', 'Null']",475,55,130,115,50,50,75,Krabby,Voltorb
100,Voltorb,1,"['Electric', 'Null']",330,40,30,50,55,55,100,Kingler,Electrode
101,Electrode,1,"['Electric', 'Null']",490,60,50,70,80,80,150,Voltorb,Exeggcute
102,Exeggcute,1,"['Grass', 'Psychic']",325,60,40,80,60,45,40,Electrode,Exeggutor
103,Exeggutor,1,"['Grass', 'Psychic']",530,95,95,85,125,75,55,Exeggcute,Cubone
104,Cubone,1,"['Ground', 'Null']",320,50,50,95,40,50,35,Exeggutor,Marowak
105,Marowak,1,"['Ground', 'Null']",425,60,80,110,50,80,45,Cubone,Hitmonlee
106,Hitmonlee,1,"['Fighting', 'Null']",455,50,120,53,35,110,87,Marowak,Hitmonchan
107,Hitmonchan,1,"['Fighting', 'Null']",455,50,105,79,35,110,76,Hitmonlee,Lickitung
108,Lickitung,1,"['Normal', 'Null']",385,90,55,75,60,75,30,Hitmonchan,Koffing
109,Koffing,1,"['Poison', 'Null']",340,40,65,95,60,45,35,Lickitung,Weezing
110,Weezing,1,"['Poison', 'Null']",490,65,90,120,85,70,60,Koffing,Rhyhorn
111,Rhyhorn,1,"['Ground', 'Rock']",345,80,85,95,30,30,25,Weezing,Rhydon
112,Rhydon,1,"['Ground', 'Rock']",485,105,130,120,45,45,40,Rhyhorn,Chansey
113,Chansey,1,"['Normal', 'Null']",450,250,5,5,35,105,50,Rhydon,Tangela
114,Tangela,1,"['Grass', 'Null']",435,65,55,115,100,40,60,Chansey,Kangaskhan
115,Kangaskhan,1,"['Normal', 'Null']",490,105,95,80,40,80,90,Tangela,Horsea
116,Horsea,1,"['Water', 'Null']",295,30,40,70,70,25,60,Kangaskhan,Seadra
117,Seadra,1,"['Water', 'Null']",440,55,65,95,95,45,85,Horsea,Goldeen
118,Goldeen,1,"['Water', 'Null']",320,45,67,60,35,50,63,Seadra,Seaking
119,Seaking,1,"['Water', 'Null']",450,80,92,65,65,80,68,Goldeen,Staryu
120,Staryu,1,"['Water', 'Null']",340,30,45,55,70,55,85,Seaking,Starmie
121,Starmie,1,"['Water', 'Psychic']",520,60,75,85,100,85,115,Staryu,Mr. Mime
122,Mr. Mime,1,"['Psychic', 'Fairy']",460,40,45,65,100,120,90,Starmie,Scyther
123,Scyther,1,"['Bug', 'Flying']",500,70,110,80,55,80,105,Mr. Mime,Jynx
124,Jynx,1,"['Ice', 'Psychic']",455,65,50,35,115,95,95,Scyther,Electabuzz
125,Electabuzz,1,"['Electric', 'Null']",490,65,83,57,95,85,105,Jynx,Magmar
126,Magmar,1,"['Fire', 'Null']",495,65,95,57,100,85,93,Electabuzz,Pinsir
127,Pinsir,1,"['Bug', 'Null']",500,65,125,100,55,70,85,Magmar,Tauros
128,Tauros,1,"['Normal', 'Null']",490,75,100,95,40,70,110,Pinsir,Magikarp
129,Magikarp,1,"['Water', 'Null']",200,20,10,55,15,20,80,Tauros,Gyarados
130,Gyarados,1,"['Water', 'Flying']",540,95,125,79,60,100,81,Magikarp,Lapras
131,Lapras,1,"['Water', 'Ice']",535,130,85,80,85,95,60,Gyarados,Ditto
132,Ditto,1,"['Normal', 'Null']",288,48,48,48,48,48,48,Lapras,Eevee
133,Eevee,1,"['Normal', 'Null']",325,55,55,50,45,65,55,Ditto,Vaporeon
134,Vaporeon,1,"['Water', 'Null']",525,130,65,60,110,95,65,Eevee,Jolteon
135,Jolteon,1,"['Electric', 'Null']",525,65,65,60,110,95,130,Vaporeon,Flareon
136,Flareon,1,"['Fire', 'Null']",525,65,130,60,95,110,65,Jolteon,Porygon
137,Porygon,1,"['Normal', 'Null']",395,65,60,70,85,75,40,Flareon,Omanyte
138,Omanyte,1,"['Rock', 'Water']",355,35,40,100,90,55,35,Porygon,Omastar
139,Omastar,1,"['Rock', 'Water']",495,70,60,125,115,70,55,Omanyte,Kabuto
140,Kabuto,1,"['Rock', 'Water']",355,30,80,90,55,45,55,Omastar,Kabutops
141,Kabutops,1,"['Rock', 'Water']",495,60,115,105,65,70,80,Kabuto,Aerodactyl
142,Aerodactyl,1,"['Rock', 'Flying']",515,80,105,65,60,75,130,Kabutops,Snorlax
143,Snorlax,1,"['Normal', 'Null']",540,160,110,65,65,110,30,Aerodactyl,Articuno
144,Articuno,1,"['Ice', 'Flying']",580,90,85,100,95,125,85,Snorlax,Zapdos
145,Zapdos,1,"['Electric', 'Flying']",580,90,90,85,125,90,100,Articuno,Moltres
146,Moltres,1,"['Fire', 'Flying']",580,90,100,90,125,85,90,Zapdos,Dratini
147,Dratini,1,"['Dragon', 'Null']",300,41,64,45,50,50,50,Moltres,Dragonair
148,Dragonair,1,"['Dragon', 'Null']",420,61,84,65,70,70,70,Dratini,Dragonite
149,Dragonite,1,"['Dragon', 'Flying']",600,91,134,95,100,100,80,Dragonair,Mewtwo
150,Mewtwo,1,"['Psychic', 'Null']",680,106,110,90,154,90,130,Dragonite,Mew
151,Mew,1,"['Psychic', 'Null']",600,100,100,100,100,100,100,Mewtwo,Chikorita
152,Chikorita,2,"['Grass', 'Null']",318,45,49,65,49,65,45,Mew,Bayleef
153,Bayleef,2,"['Grass', 'Null']",405,60,62,80,63,80,60,Chikorita,Meganium
154,Meganium,2,"['Grass', 'Null']",525,80,82,100,83,100,80,Bayleef,Cyndaquil
155,Cyndaquil,2,"['Fire', 'Null']",309,39,52,43,60,50,65,Meganium,Quilava
156,Quilava,2,"['Fire', 'Null']",405,58,64,58,80,65,80,Cyndaquil,Typhlosion
157,Typhlosion,2,"['Fire', 'Null']",534,78,84,78,109,85,100,Quilava,Totodile
158,Totodile,2,"['Water', 'Null']",314,50,65,64,44,48,43,Typhlosion,Croconaw
159,Croconaw,2,"['Water', 'Null']",405,65,80,80,59,63,58,Totodile,Feraligatr
160,Feraligatr,2,"['Water', 'Null']",530,85,105,100,79,83,78,Croconaw,Sentret
161,Sentret,2,"['Normal', 'Null']",215,35,46,34,35,45,20,Feraligatr,Furret
162,Furret,2,"['Normal', 'Null']",415,85,76,64,45,55,90,Sentret,Hoothoot
163,Hoothoot,2,"['Normal', 'Flying']",262,60,30,30,36,56,50,Furret,Noctowl
164,Noctowl,2,"['Normal', 'Flying']",452,100,50,50,86,96,70,Hoothoot,Ledyba
165,Ledyba,2,"['Bug', 'Flying']",265,40,20,30,40,80,55,Noctowl,Ledian
166,Ledian,2,"['Bug', 'Flying']",390,55,35,50,55,110,85,Ledyba,Spinarak
167,Spinarak,2,"['Bug', 'Poison']",250,40,60,40,40,40,30,Ledian,Ariados
168,Ariados,2,"['Bug', 'Poison']",400,70,90,70,60,70,40,Spinarak,Crobat
169,Crobat,2,"['Poison', 'Flying']",535,85,90,80,70,80,130,Ariados,Chinchou
170,Chinchou,2,"['Water', 'Electric']",330,75,38,38,56,56,67,Crobat,Lanturn
171,Lanturn,2,"['Water', 'Electric']",460,125,58,58,76,76,67,Chinchou,Pichu
172,Pichu,2,"['Electric', 'Null']",205,20,40,15,35,35,60,Lanturn,Cleffa
173,Cleffa,2,"['Fairy', 'Null']",218,50,25,28,45,55,15,Pichu,Igglybuff
174,Igglybuff,2,"['Normal', 'Fairy']",210,90,30,15,40,20,15,Cleffa,Togepi
175,Togepi,2,"['Fairy', 'Null']",245,35,20,65,40,65,20,Igglybuff,Togetic
176,Togetic,2,"['Fairy', 'Flying']",405,55,40,85,80,105,40,Togepi,Natu
177,Natu,2,"['Psychic', 'Flying']",320,40,50,45,70,45,70,Togetic,Xatu
178,Xatu,2,"['Psychic', 'Flying']",470,65,75,70,95,70,95,Natu,Mareep
179,Mareep,2,"['Electric', 'Null']",280,55,40,40,65,45,35,Xatu,Flaaffy
180,Flaaffy,2,"['Electric', 'Null']",365,70,55,55,80,60,45,Mareep,Ampharos
181,Ampharos,2,"['Electric', 'Null']",510,90,75,85,115,90,55,Flaaffy,Bellossom
182,Bellossom,2,"['Grass', 'Null']",490,75,80,95,90,100,50,Ampharos,Marill
183,Marill,2,"['Water', 'Fairy']",250,70,20,50,20,50,40,Bellossom,Azumarill
184,Azumarill,2,"['Water', 'Fairy']",420,100,50,80,60,80,50,Marill,Sudowoodo
185,Sudowoodo,2,"['Rock', 'Null']",410,70,100,115,30,65,30,Azumarill,Politoed
186,Politoed,2,"['Water', 'Null']",500,90,75,75,90,100,70,Sudowoodo,Hoppip
187,Hoppip,2,"['Grass', 'Flying']",250,35,35,40,35,55,50,Politoed,Skiploom
188,Skiploom,2,"['Grass', 'Flying']",340,55,45,50,45,65,80,Hoppip,Jumpluff
189,Jumpluff,2,"['Grass', 'Flying']",460,75,55,70,55,95,110,Skiploom,Aipom
190,Aipom,2,"['Normal', 'Null']",360,55,70,55,40,55,85,Jumpluff,Sunkern
191,Sunkern,2,"['Grass', 'Null']",180,30,30,30,30,30,30,Aipom,Sunflora
192,Sunflora,2,"['Grass', 'Null']",425,75,75,55,105,85,30,Sunkern,Yanma
193,Yanma,2,"['Bug', 'Flying']",390,65,65,45,75,45,95,Sunflora,Wooper
194,Wooper,2,"['Water', 'Ground']",210,55,45,45,25,25,15,Yanma,Quagsire
195,Quagsire,2,"['Water', 'Ground']",430,95,85,85,65,65,35,Wooper,Espeon
196,Espeon,2,"['Psychic', 'Null']",525,65,65,60,130,95,110,Quagsire,Umbreon
197,Umbreon,2,"['Dark', 'Null']",525,95,65,110,60,130,65,Espeon,Murkrow
198,Murkrow,2,"['Dark', 'Flying']",405,60,85,42,85,42,91,Umbreon,Slowking
199,Slowking,2,"['Water', 'Psychic']",490,95,75,80,100,110,30,Murkrow,Misdreavus
200,Misdreavus,2,"['Ghost', 'Null']",435,60,60,60,85,85,85,Slowking,Unown
201,Unown,2,"['Psychic', 'Null']",336,48,72,48,72,48,48,Misdreavus,Wobbuffet
202,Wobbuffet,2,"['Psychic', 'Null']",405,190,33,58,33,58,33,Unown,Girafarig
203,Girafarig,2,"['Normal', 'Psychic']",455,70,80,65,90,65,85,Wobbuffet,Pineco
204,Pineco,2,"['Bug', 'Null']",290,50,65,90,35,35,15,Girafarig,Forretress
205,Forretress,2,"['Bug', 'Steel']",465,75,90,140,60,60,40,Pineco,Dunsparce
206,Dunsparce,2,"['Normal', 'Null']",415,100,70,70,65,65,45,Forretress,Gligar
207,Gligar,2,"['Ground', 'Flying']",430,65,75,105,35,65,85,Dunsparce,Steelix
208,Steelix,2,"['Steel', 'Ground']",510,75,85,200,55,65,30,Gligar,Snubbull
209,Snubbull,2,"['Fairy', 'Null']",300,60,80,50,40,40,30,Steelix,Granbull
210,Granbull,2,"['Fairy', 'Null']",450,90,120,75,60,60,45,Snubbull,Qwilfish
211,Qwilfish,2,"['Water', 'Poison']",440,65,95,85,55,55,85,Granbull,Scizor
212,Scizor,2,"['Bug', 'Steel']",500,70,130,100,55,80,65,Qwilfish,Shuckle
213,Shuckle,2,"['Bug', 'Rock']",505,20,10,230,10,230,5,Scizor,Heracross
214,Heracross,2,"['Bug', 'Fighting']",500,80,125,75,40,95,85,Shuckle,Sneasel
215,Sneasel,2,"['Dark', 'Ice']",430,55,95,55,35,75,115,Heracross,Teddiursa
216,Teddiursa,2,"['Normal', 'Null']",330,60,80,50,50,50,40,Sneasel,Ursaring
217,Ursaring,2,"['Normal', 'Null']",500,90,130,75,75,75,55,Teddiursa,Slugma
218,Slugma,2,"['Fire', 'Null']",250,40,40,40,70,40,20,Ursaring,Magcargo
219,Magcargo,2,"['Fire', 'Rock']",430,60,50,120,90,80,30,Slugma,Swinub
220,Swinub,2,"['Ice', 'Ground']",250,50,50,40,30,30,50,Magcargo,Piloswine
221,Piloswine,2,"['Ice', 'Ground']",450,100,100,80,60,60,50,Swinub,Corsola
222,Corsola,2,"['Water', 'Rock']",410,65,55,95,65,95,35,Piloswine,Remoraid
223,Remoraid,2,"['Water', 'Null']",300,35,65,35,65,35,65,Corsola,Octillery
224,Octillery,2,"['Water', 'Null']",480,75,105,75,105,75,45,Remoraid,Delibird
225,Delibird,2,"['Ice', 'Flying']",330,45,55,45,65,45,75,Octillery,Mantine
226,Mantine,2,"['Water', 'Flying']",485,85,40,70,80,140,70,Delibird,Skarmory
227,Skarmory,2,"['Steel', 'Flying']",465,65,80,140,40,70,70,Mantine,Houndour
228,Houndour,2,"['Dark', 'Fire']",330,45,60,30,80,50,65,Skarmory,Houndoom
229,Houndoom,2,"['Dark', 'Fire']",500,75,90,50,110,80,95,Houndour,Kingdra
230,Kingdra,2,"['Water', 'Dragon']",540,75,95,95,95,95,85,Houndoom,Phanpy
231,Phanpy,2,"['Ground', 'Null']",330,90,60,60,40,40,40,Kingdra,Donphan
232,Donphan,2,"['Ground', 'Null']",500,90,120,120,60,60,50,Phanpy,Porygon2
233,Porygon2,2,"['Normal', 'Null']",515,85,80,90,105,95,60,Donphan,Stantler
234,Stantler,2,"['Normal', 'Null']",465,73,95,62,85,65,85,Porygon2,Smeargle
235,Smeargle,2,"['Normal', 'Null']",250,55,20,35,20,45,75,Stantler,Tyrogue
236,Tyrogue,2,"['Fighting', 'Null']",210,35,35,35,35,35,35,Smeargle,Hitmontop
237,Hitmontop,2,"['Fighting', 'Null']",455,50,95,95,35,110,70,Tyrogue,Smoochum
238,Smoochum,2,"['Ice', 'Psychic']",305,45,30,15,85,65,65,Hitmontop,Elekid
239,Elekid,2,"['Electric', 'Null']",360,45,63,37,65,55,95,Smoochum,Magby
240,Magby,2,"['Fire', 'Null']",365,45,75,37,70,55,83,Elekid,Miltank
241,Miltank,2,"['Normal', 'Null']",490,95,80,105,40,70,100,Magby,Blissey
242,Blissey,2,"['Normal', 'Null']",540,255,10,10,75,135,55,Miltank,Raikou
243,Raikou,2,"['Electric', 'Null']",580,90,85,75,115,100,115,Blissey,Entei
244,Entei,2,"['Fire', 'Null']",580,115,115,85,90,75,100,Raikou,Suicune
245,Suicune,2,"['Water', 'Null']",580,100,75,115,90,115,85,Entei,Larvitar
246,Larvitar,2,"['Rock', 'Ground']",300,50,64,50,45,50,41,Suicune,Pupitar
247,Pupitar,2,"['Rock', 'Ground']",410,70,84,70,65,70,51,Larvitar,Tyranitar
248,Tyranitar,2,"['Rock', 'Dark']",600,100,134,110,95,100,61,Pupitar,Lugia
249,Lugia,2,"['Psychic', 'Flying']",680,106,90,130,90,154,110,Tyranitar,Ho-oh
250,Ho-oh,2,"['Fire', 'Flying']",680,106,130,90,110,154,90,Lugia,Celebi
251,Celebi,2,"['Psychic', 'Grass']",600,100,100,100,100,100,100,Ho-oh,Treecko
252,Treecko,3,"['Grass', 'Null']",310,40,45,35,65,55,70,Celebi,Grovyle
253,Grovyle,3,"['Grass', 'Null']",405,50,65,45,85,65,95,Treecko,Sceptile
254,Sceptile,3,"['Grass', 'Null']",530,70,85,65,105,85,120,Grovyle,Torchic
255,Torchic,3,"['Fire', 'Null']",310,45,60,40,70,50,45,Sceptile,Combusken
256,Combusken,3,"['Fire', 'Fighting']",405,60,85,60,85,60,55,Torchic,Blaziken
257,Blaziken,3,"['Fire', 'Fighting']",530,80,120,70,110,70,80,Combusken,Mudkip
258,Mudkip,3,"['Water', 'Null']",310,50,70,50,50,50,40,Blaziken,Marshtomp
259,Marshtomp,3,"['Water', 'Ground']",405,70,85,70,60,70,50,Mudkip,Swampert
260,Swampert,3,"['Water', 'Ground']",535,100,110,90,85,90,60,Marshtomp,Poochyena
261,Poochyena,3,"['Dark', 'Null']",220,35,55,35,30,30,35,Swampert,Mightyena
262,Mightyena,3,"['Dark', 'Null']",420,70,90,70,60,60,70,Poochyena,Zigzagoon
263,Zigzagoon,3,"['Normal', 'Null']",240,38,30,41,30,41,60,Mightyena,Linoone
264,Linoone,3,"['Normal', 'Null']",420,78,70,61,50,61,100,Zigzagoon,Wurmple
265,Wurmple,3,"['Bug', 'Null']",195,45,45,35,20,30,20,Linoone,Silcoon
266,Silcoon,3,"['Bug', 'Null']",205,50,35,55,25,25,15,Wurmple,Beautifly
267,Beautifly,3,"['Bug', 'Flying']",395,60,70,50,100,50,65,Silcoon,Cascoon
268,Cascoon,3,"['Bug', 'Null']",205,50,35,55,25,25,15,Beautifly,Dustox
269,Dustox,3,"['Bug', 'Poison']",385,60,50,70,50,90,65,Cascoon,Lotad
270,Lotad,3,"['Water', 'Grass']",220,40,30,30,40,50,30,Dustox,Lombre
271,Lombre,3,"['Water', 'Grass']",340,60,50,50,60,70,50,Lotad,Ludicolo
272,Ludicolo,3,"['Water', 'Grass']",480,80,70,70,90,100,70,Lombre,Seedot
273,Seedot,3,"['Grass', 'Null']",220,40,40,50,30,30,30,Ludicolo,Nuzleaf
274,Nuzleaf,3,"['Grass', 'Dark']",340,70,70,40,60,40,60,Seedot,Shiftry
275,Shiftry,3,"['Grass', 'Dark']",480,90,100,60,90,60,80,Nuzleaf,Taillow
276,Taillow,3,"['Normal', 'Flying']",270,40,55,30,30,30,85,Shiftry,Swellow
277,Swellow,3,"['Normal', 'Flying']",455,60,85,60,75,50,125,Taillow,Wingull
278,Wingull,3,"['Water', 'Flying']",270,40,30,30,55,30,85,Swellow,Pelipper
279,Pelipper,3,"['Water', 'Flying']",440,60,50,100,95,70,65,Wingull,Ralts
280,Ralts,3,"['Psychic', 'Fairy']",198,28,25,25,45,35,40,Pelipper,Kirlia
281,Kirlia,3,"['Psychic', 'Fairy']",278,38,35,35,65,55,50,Ralts,Gardevoir
282,Gardevoir,3,"['Psychic', 'Fairy']",518,68,65,65,125,115,80,Kirlia,Surskit
283,Surskit,3,"['Bug', 'Water']",269,40,30,32,50,52,65,Gardevoir,Masquerain
284,Masquerain,3,"['Bug', 'Flying']",454,70,60,62,100,82,80,Surskit,Shroomish
285,Shroomish,3,"['Grass', 'Null']",295,60,40,60,40,60,35,Masquerain,Breloom
286,Breloom,3,"['Grass', 'Fighting']",460,60,130,80,60,60,70,Shroomish,Slakoth
287,Slakoth,3,"['Normal', 'Null']",280,60,60,60,35,35,30,Breloom,Vigoroth
288,Vigoroth,3,"['Normal', 'Null']",440,80,80,80,55,55,90,Slakoth,Slaking
289,Slaking,3,"['Normal', 'Null']",670,150,160,100,95,65,100,Vigoroth,Nincada
290,Nincada,3,"['Bug', 'Ground']",266,31,45,90,30,30,40,Slaking,Ninjask
291,Ninjask,3,"['Bug', 'Flying']",456,61,90,45,50,50,160,Nincada,Shedinja
292,Shedinja,3,"['Bug', 'Ghost']",236,1,90,45,30,30,40,Ninjask,Whismur
293,Whismur,3,"['Normal', 'Null']",240,64,51,23,51,23,28,Shedinja,Loudred
294,Loudred,3,"['Normal', 'Null']",360,84,71,43,71,43,48,Whismur,Exploud
295,Exploud,3,"['Normal', 'Null']",490,104,91,63,91,73,68,Loudred,Makuhita
296,Makuhita,3,"['Fighting', 'Null']",237,72,60,30,20,30,25,Exploud,Hariyama
297,Hariyama,3,"['Fighting', 'Null']",474,144,120,60,40,60,50,Makuhita,Azurill
298,Azurill,3,"['Normal', 'Fairy']",190,50,20,40,20,40,20,Hariyama,Nosepass
299,Nosepass,3,"['Rock', 'Null']",375,30,45,135,45,90,30,Azurill,Skitty
300,Skitty,3,"['Normal', 'Null']",260,50,45,45,35,35,50,Nosepass,Delcatty
301,Delcatty,3,"['Normal', 'Null']",400,70,65,65,55,55,90,Skitty,Sableye
302,Sableye,3,"['Dark', 'Ghost']",380,50,75,75,65,65,50,Delcatty,Mawile
303,Mawile,3,"['Steel', 'Fairy']",380,50,85,85,55,55,50,Sableye,Aron
304,Aron,3,"['Steel', 'Rock']",330,50,70,100,40,40,30,Mawile,Lairon
305,Lairon,3,"['Steel', 'Rock']",430,60,90,140,50,50,40,Aron,Aggron
306,Aggron,3,"['Steel', 'Rock']",530,70,110,180,60,60,50,Lairon,Meditite
307,Meditite,3,"['Fighting', 'Psychic']",280,30,40,55,40,55,60,Aggron,Medicham
308,Medicham,3,"['Fighting', 'Psychic']",410,60,60,75,60,75,80,Meditite,Electrike
309,Electrike,3,"['Electric', 'Null']",295,40,45,40,65,40,65,Medicham,Manectric
310,Manectric,3,"['Electric', 'Null']",475,70,75,60,105,60,105,Electrike,Plusle
311,Plusle,3,"['Electric', 'Null']",405,60,50,40,85,75,95,Manectric,Minun
312,Minun,3,"['Electric', 'Null']",405,60,40,50,75,85,95,Plusle,Volbeat
313,Volbeat,3,"['Bug', 'Null']",430,65,73,75,47,85,85,Minun,Illumise
314,Illumise,3,"['Bug', 'Null']",430,65,47,75,73,85,85,Volbeat,Roselia
315,Roselia,3,"['Grass', 'Poison']",400,50,60,45,100,80,65,Illumise,Gulpin
316,Gulpin,3,"['Poison', 'Null']",302,70,43,53,43,53,40,Roselia,Swalot
317,Swalot,3,"['Poison', 'Null']",467,100,73,83,73,83,55,Gulpin,Carvanha
318,Carvanha,3,"['Water', 'Dark']",305,45,90,20,65,20,65,Swalot,Sharpedo
319,Sharpedo,3,"['Water', 'Dark']",460,70,120,40,95,40,95,Carvanha,Wailmer
320,Wailmer,3,"['Water', 'Null']",400,130,70,35,70,35,60,Sharpedo,Wailord
321,Wailord,3,"['Water', 'Null']",500,170,90,45,90,45,60,Wailmer,Numel
322,Numel,3,"['Fire', 'Ground']",305,60,60,40,65,45,35,Wailord,Camerupt
323,Camerupt,3,"['Fire', 'Ground']",460,70,100,70,105,75,40,Numel,Torkoal
324,Torkoal,3,"['Fire', 'Null']",470,70,85,140,85,70,20,Camerupt,Spoink
325,Spoink,3,"['Psychic', 'Null']",330,60,25,35,70,80,60,Torkoal,Grumpig
326,Grumpig,3,"['Psychic', 'Null']",470,80,45,65,90,110,80,Spoink,Spinda
327,Spinda,3,"['Normal', 'Null']",360,60,60,60,60,60,60,Grumpig,Trapinch
328,Trapinch,3,"['Ground', 'Null']",290,45,100,45,45,45,10,Spinda,Vibrava
329,Vibrava,3,"['Ground', 'Dragon']",340,50,70,50,50,50,70,Trapinch,Flygon
330,Flygon,3,"['Ground', 'Dragon']",520,80,100,80,80,80,100,Vibrava,Cacnea
331,Cacnea,3,"['Grass', 'Null']",335,50,85,40,85,40,35,Flygon,Cacturne
332,Cacturne,3,"['Grass', 'Dark']",475,70,115,60,115,60,55,Cacnea,Swablu
333,Swablu,3,"['Normal', 'Flying']",310,45,40,60,40,75,50,Cacturne,Altaria
334,Altaria,3,"['Dragon', 'Flying']",490,75,70,90,70,105,80,Swablu,Zangoose
335,Zangoose,3,"['Normal', 'Null']",458,73,115,60,60,60,90,Altaria,Seviper
336,Seviper,3,"['Poison', 'Null']",458,73,100,60,100,60,65,Zangoose,Lunatone
337,Lunatone,3,"['Rock', 'Psychic']",460,90,55,65,95,85,70,Seviper,Solrock
338,Solrock,3,"['Rock', 'Psychic']",460,90,95,85,55,65,70,Lunatone,Barboach
339,Barboach,3,"['Water', 'Ground']",288,50,48,43,46,41,60,Solrock,Whiscash
340,Whiscash,3,"['Water', 'Ground']",468,110,78,73,76,71,60,Barboach,Corphish
341,Corphish,3,"['Water', 'Null']",308,43,80,65,50,35,35,Whiscash,Crawdaunt
342,Crawdaunt,3,"['Water', 'Dark']",468,63,120,85,90,55,55,Corphish,Baltoy
343,Baltoy,3,"['Ground', 'Psychic']",300,40,40,55,40,70,55,Crawdaunt,Claydol
344,Claydol,3,"['Ground', 'Psychic']",500,60,70,105,70,120,75,Baltoy,Lileep
345,Lileep,3,"['Rock', 'Grass']",355,66,41,77,61,87,23,Claydol,Cradily
346,Cradily,3,"['Rock', 'Grass']",495,86,81,97,81,107,43,Lileep,Anorith
347,Anorith,3,"['Rock', 'Bug']",355,45,95,50,40,50,75,Cradily,Armaldo
348,Armaldo,3,"['Rock', 'Bug']",495,75,125,100,70,80,45,Anorith,Feebas
349,Feebas,3,"['Water', 'Null']",200,20,15,20,10,55,80,Armaldo,Milotic
350,Milotic,3,"['Water', 'Null']",540,95,60,79,100,125,81,Feebas,Castform
351,Castform,3,"['Normal', 'Null']",420,70,70,70,70,70,70,Milotic,Kecleon
352,Kecleon,3,"['Normal', 'Null']",440,60,90,70,60,120,40,Castform,Shuppet
353,Shuppet,3,"['Ghost', 'Null']",295,44,75,35,63,33,45,Kecleon,Banette
354,Banette,3,"['Ghost', 'Null']",455,64,115,65,83,63,65,Shuppet,Duskull
355,Duskull,3,"['Ghost', 'Null']",295,20,40,90,30,90,25,Banette,Dusclops
356,Dusclops,3,"['Ghost', 'Null']",455,40,70,130,60,130,25,Duskull,Tropius
357,Tropius,3,"['Grass', 'Flying']",460,99,68,83,72,87,51,Dusclops,Chimecho
358,Chimecho,3,"['Psychic', 'Null']",455,75,50,80,95,90,65,Tropius,Absol
359,Absol,3,"['Dark', 'Null']",465,65,130,60,75,60,75,Chimecho,Wynaut
360,Wynaut,3,"['Psychic', 'Null']",260,95,23,48,23,48,23,Absol,Snorunt
361,Snorunt,3,"['Ice', 'Null']",300,50,50,50,50,50,50,Wynaut,Glalie
362,Glalie,3,"['Ice', 'Null']",480,80,80,80,80,80,80,Snorunt,Spheal
363,Spheal,3,"['Ice', 'Water']",290,70,40,50,55,50,25,Glalie,Sealeo
364,Sealeo,3,"['Ice', 'Water']",410,90,60,70,75,70,45,Spheal,Walrein
365,Walrein,3,"['Ice', 'Water']",530,110,80,90,95,90,65,Sealeo,Clamperl
366,Clamperl,3,"['Water', 'Null']",345,35,64,85,74,55,32,Walrein,Huntail
367,Huntail,3,"['Water', 'Null']",485,55,104,105,94,75,52,Clamperl,Gorebyss
368,Gorebyss,3,"['Water', 'Null']",485,55,84,105,114,75,52,Huntail,Relicanth
369,Relicanth,3,"['Water', 'Rock']",485,100,90,130,45,65,55,Gorebyss,Luvdisc
370,Luvdisc,3,"['Water', 'Null']",330,43,30,55,40,65,97,Relicanth,Bagon
371,Bagon,3,"['Dragon', 'Null']",300,45,75,60,40,30,50,Luvdisc,Shelgon
372,Shelgon,3,"['Dragon', 'Null']",420,65,95,100,60,50,50,Bagon,Salamence
373,Salamence,3,"['Dragon', 'Flying']",600,95,135,80,110,80,100,Shelgon,Beldum
374,Beldum,3,"['Steel', 'Psychic']",300,40,55,80,35,60,30,Salamence,Metang
375,Metang,3,"['Steel', 'Psychic']",420,60,75,100,55,80,50,Beldum,Metagross
376,Metagross,3,"['Steel', 'Psychic']",600,80,135,130,95,90,70,Metang,Regirock
377,Regirock,3,"['Rock', 'Null']",580,80,100,200,50,100,50,Metagross,Regice
378,Regice,3,"['Ice', 'Null']",580,80,50,100,100,200,50,Regirock,Registeel
379,Registeel,3,"['Steel', 'Null']",580,80,75,150,75,150,50,Regice,Latias
380,Latias,3,"['Dragon', 'Psychic']",600,80,80,90,110,130,110,Registeel,Latios
381,Latios,3,"['Dragon', 'Psychic']",600,80,90,80,130,110,110,Latias,Kyogre
382,Kyogre,3,"['Water', 'Null']",670,100,100,90,150,140,90,Latios,Groudon
383,Groudon,3,"['Ground', 'Null']",670,100,150,140,100,90,90,Kyogre,Rayquaza
384,Rayquaza,3,"['Dragon', 'Flying']",680,105,150,90,150,90,95,Groudon,Jirachi
385,Jirachi,3,"['Steel', 'Psychic']",600,100,100,100,100,100,100,Rayquaza,Deoxys
386,Deoxys,3,"['Psychic', 'Null']",600,50,150,50,150,50,150,Jirachi,Turtwig
387,Turtwig,4,"['Grass', 'Null']",318,55,68,64,45,55,31,Deoxys,Grotle
388,Grotle,4,"['Grass', 'Null']",405,75,89,85,55,65,36,Turtwig,Torterra
389,Torterra,4,"['Grass', 'Ground']",525,95,109,105,75,85,56,Grotle,Chimchar
390,Chimchar,4,"['Fire', 'Null']",309,44,58,44,58,44,61,Torterra,Monferno
391,Monferno,4,"['Fire', 'Fighting']",405,64,78,52,78,52,81,Chimchar,Infernape
392,Infernape,4,"['Fire', 'Fighting']",534,76,104,71,104,71,108,Monferno,Piplup
393,Piplup,4,"['Water', 'Null']",314,53,51,53,61,56,40,Infernape,Prinplup
394,Prinplup,4,"['Water', 'Null']",405,64,66,68,81,76,50,Piplup,Empoleon
395,Empoleon,4,"['Water', 'Steel']",530,84,86,88,111,101,60,Prinplup,Starly
396,Starly,4,"['Normal', 'Flying']",245,40,55,30,30,30,60,Empoleon,Staravia
397,Staravia,4,"['Normal', 'Flying']",340,55,75,50,40,40,80,Starly,Staraptor
398,Staraptor,4,"['Normal', 'Flying']",485,85,120,70,50,60,100,Staravia,Bidoof
399,Bidoof,4,"['Normal', 'Null']",250,59,45,40,35,40,31,Staraptor,Bibarel
400,Bibarel,4,"['Normal', 'Water']",410,79,85,60,55,60,71,Bidoof,Kricketot
401,Kricketot,4,"['Bug', 'Null']",194,37,25,41,25,41,25,Bibarel,Kricketune
402,Kricketune,4,"['Bug', 'Null']",384,77,85,51,55,51,65,Kricketot,Shinx
403,Shinx,4,"['Electric', 'Null']",263,45,65,34,40,34,45,Kricketune,Luxio
404,Luxio,4,"['Electric', 'Null']",363,60,85,49,60,49,60,Shinx,Luxray
405,Luxray,4,"['Electric', 'Null']",523,80,120,79,95,79,70,Luxio,Budew
406,Budew,4,"['Grass', 'Poison']",280,40,30,35,50,70,55,Luxray,Roserade
407,Roserade,4,"['Grass', 'Poison']",515,60,70,65,125,105,90,Budew,Cranidos
408,Cranidos,4,"['Rock', 'Null']",350,67,125,40,30,30,58,Roserade,Rampardos
409,Rampardos,4,"['Rock', 'Null']",495,97,165,60,65,50,58,Cranidos,Shieldon
410,Shieldon,4,"['Rock', 'Steel']",350,30,42,118,42,88,30,Rampardos,Bastiodon
411,Bastiodon,4,"['Rock', 'Steel']",495,60,52,168,47,138,30,Shieldon,Burmy
412,Burmy,4,"['Bug', 'Null']",224,40,29,45,29,45,36,Bastiodon,Wormadam
413,Wormadam,4,"['Bug', 'Grass']",424,60,59,85,79,105,36,Burmy,Mothim
414,Mothim,4,"['Bug', 'Flying']",424,70,94,50,94,50,66,Wormadam,Combee
415,Combee,4,"['Bug', 'Flying']",244,30,30,42,30,42,70,Mothim,Vespiquen
416,Vespiquen,4,"['Bug', 'Flying']",474,70,80,102,80,102,40,Combee,Pachirisu
417,Pachirisu,4,"['Electric', 'Null']",405,60,45,70,45,90,95,Vespiquen,Buizel
418,Buizel,4,"['Water', 'Null']",330,55,65,35,60,30,85,Pachirisu,Floatzel
419,Floatzel,4,"['Water', 'Null']",495,85,105,55,85,50,115,Buizel,Cherubi
420,Cherubi,4,"['Grass', 'Null']",275,45,35,45,62,53,35,Floatzel,Cherrim
421,Cherrim,4,"['Grass', 'Null']",450,70,60,70,87,78,85,Cherubi,Shellos
422,Shellos,4,"['Water', 'Null']",325,76,48,48,57,62,34,Cherrim,Gastrodon
423,Gastrodon,4,"['Water', 'Ground']",475,111,83,68,92,82,39,Shellos,Ambipom
424,Ambipom,4,"['Normal', 'Null']",482,75,100,66,60,66,115,Gastrodon,Drifloon
425,Drifloon,4,"['Ghost', 'Flying']",348,90,50,34,60,44,70,Ambipom,Drifblim
426,Drifblim,4,"['Ghost', 'Flying']",498,150,80,44,90,54,80,Drifloon,Buneary
427,Buneary,4,"['Normal', 'Null']",350,55,66,44,44,56,85,Drifblim,Lopunny
428,Lopunny,4,"['Normal', 'Null']",480,65,76,84,54,96,105,Buneary,Mismagius
429,Mismagius,4,"['Ghost', 'Null']",495,60,60,60,105,105,105,Lopunny,Honchkrow
430,Honchkrow,4,"['Dark', 'Flying']",505,100,125,52,105,52,71,Mismagius,Glameow
431,Glameow,4,"['Normal', 'Null']",310,49,55,42,42,37,85,Honchkrow,Purugly
432,Purugly,4,"['Normal', 'Null']",452,71,82,64,64,59,112,Glameow,Chingling
433,Chingling,4,"['Psychic', 'Null']",285,45,30,50,65,50,45,Purugly,Stunky
434,Stunky,4,"['Poison', 'Dark']",329,63,63,47,41,41,74,Chingling,Skuntank
435,Skuntank,4,"['Poison', 'Dark']",479,103,93,67,71,61,84,Stunky,Bronzor
436,Bronzor,4,"['Steel', 'Psychic']",300,57,24,86,24,86,23,Skuntank,Bronzong
437,Bronzong,4,"['Steel', 'Psychic']",500,67,89,116,79,116,33,Bronzor,Bonsly
438,Bonsly,4,"['Rock', 'Null']",290,50,80,95,10,45,10,Bronzong,Mime Jr.
439,Mime Jr.,4,"['Psychic', 'Fairy']",310,20,25,45,70,90,60,Bonsly,Happiny
440,Happiny,4,"['Normal', 'Null']",220,100,5,5,15,65,30,Mime Jr.,Chatot
441,Chatot,4,"['Normal', 'Flying']",411,76,65,45,92,42,91,Happiny,Spiritomb
442,Spiritomb,4,"['Ghost', 'Dark']",485,50,92,108,92,108,35,Chatot,Gible
443,Gible,4,"['Dragon', 'Ground']",300,58,70,45,40,45,42,Spiritomb,Gabite
444,Gabite,4,"['Dragon', 'Ground']",410,68,90,65,50,55,82,Gible,Garchomp
445,Garchomp,4,"['Dragon', 'Ground']",600,108,130,95,80,85,102,Gabite,Munchlax
446,Munchlax,4,"['Normal', 'Null']",390,135,85,40,40,85,5,Garchomp,Riolu
447,Riolu,4,"['Fighting', 'Null']",285,40,70,40,35,40,60,Munchlax,Lucario
448,Lucario,4,"['Fighting', 'Steel']",525,70,110,70,115,70,90,Riolu,Hippopotas
449,Hippopotas,4,"['Ground', 'Null']",330,68,72,78,38,42,32,Lucario,Hippowdon
450,Hippowdon,4,"['Ground', 'Null']",525,108,112,118,68,72,47,Hippopotas,Skorupi
451,Skorupi,4,"['Poison', 'Bug']",330,40,50,90,30,55,65,Hippowdon,Drapion
452,Drapion,4,"['Poison', 'Dark']",500,70,90,110,60,75,95,Skorupi,Croagunk
453,Croagunk,4,"['Poison', 'Fighting']",300,48,61,40,61,40,50,Drapion,Toxicroak
454,Toxicroak,4,"['Poison', 'Fighting']",490,83,106,65,86,65,85,Croagunk,Carnivine
455,Carnivine,4,"['Grass', 'Null']",454,74,100,72,90,72,46,Toxicroak,Finneon
456,Finneon,4,"['Water', 'Null']",330,49,49,56,49,61,66,Carnivine,Lumineon
457,Lumineon,4,"['Water', 'Null']",460,69,69,76,69,86,91,Finneon,Mantyke
458,Mantyke,4,"['Water', 'Flying']",345,45,20,50,60,120,50,Lumineon,Snover
459,Snover,4,"['Grass', 'Ice']",334,60,62,50,62,60,40,Mantyke,Abomasnow
460,Abomasnow,4,"['Grass', 'Ice']",494,90,92,75,92,85,60,Snover,Weavile
461,Weavile,4,"['Dark', 'Ice']",510,70,120,65,45,85,125,Abomasnow,Magnezone
462,Magnezone,4,"['Electric', 'Steel']",535,70,70,115,130,90,60,Weavile,Lickilicky
463,Lickilicky,4,"['Normal', 'Null']",515,110,85,95,80,95,50,Magnezone,Rhyperior
464,Rhyperior,4,"['Ground', 'Rock']",535,115,140,130,55,55,40,Lickilicky,Tangrowth
465,Tangrowth,4,"['Grass', 'Null']",535,100,100,125,110,50,50,Rhyperior,Electivire
466,Electivire,4,"['Electric', 'Null']",540,75,123,67,95,85,95,Tangrowth,Magmortar
467,Magmortar,4,"['Fire', 'Null']",540,75,95,67,125,95,83,Electivire,Togekiss
468,Togekiss,4,"['Fairy', 'Flying']",545,85,50,95,120,115,80,Magmortar,Yanmega
469,Yanmega,4,"['Bug', 'Flying']",515,86,76,86,116,56,95,Togekiss,Leafeon
470,Leafeon,4,"['Grass', 'Null']",525,65,110,130,60,65,95,Yanmega,Glaceon
471,Glaceon,4,"['Ice', 'Null']",525,65,60,110,130,95,65,Leafeon,Gliscor
472,Gliscor,4,"['Ground', 'Flying']",510,75,95,125,45,75,95,Glaceon,Mamoswine
473,Mamoswine,4,"['Ice', 'Ground']",530,110,130,80,70,60,80,Gliscor,Porygon-Z
474,Porygon-Z,4,"['Normal', 'Null']",535,85,80,70,135,75,90,Mamoswine,Gallade
475,Gallade,4,"['Psychic', 'Fighting']",518,68,125,65,65,115,80,Porygon-Z,Probopass
476,Probopass,4,"['Rock', 'Steel']",525,60,55,145,75,150,40,Gallade,Dusknoir
477,Dusknoir,4,"['Ghost', 'Null']",525,45,100,135,65,135,45,Probopass,Froslass
478,Froslass,4,"['Ice', 'Ghost']",480,70,80,70,80,70,110,Dusknoir,Rotom
479,Rotom,4,"['Electric', 'Ghost']",440,50,50,77,95,77,91,Froslass,Uxie
480,Uxie,4,"['Psychic', 'Null']",580,75,75,130,75,130,95,Rotom,Mesprit
481,Mesprit,4,"['Psychic', 'Null']",580,80,105,105,105,105,80,Uxie,Azelf
482,Azelf,4,"['Psychic', 'Null']",580,75,125,70,125,70,115,Mesprit,Dialga
483,Dialga,4,"['Steel', 'Dragon']",680,100,120,120,150,100,90,Azelf,Palkia
484,Palkia,4,"['Water', 'Dragon']",680,90,120,100,150,120,100,Dialga,Heatran
485,Heatran,4,"['Fire', 'Steel']",600,91,90,106,130,106,77,Palkia,Regigigas
486,Regigigas,4,"['Normal', 'Null']",670,110,160,110,80,110,100,Heatran,Giratina
487,Giratina,4,"['Ghost', 'Dragon']",680,150,100,120,100,120,90,Regigigas,Cresselia
488,Cresselia,4,"['Psychic', 'Null']",600,120,70,120,75,130,85,Giratina,Phione
489,Phione,4,"['Water', 'Null']",480,80,80,80,80,80,80,Cresselia,Manaphy
490,Manaphy,4,"['Water', 'Null']",600,100,100,100,100,100,100,Phione,Darkrai
491,Darkrai,4,"['Dark', 'Null']",600,70,90,90,135,90,125,Manaphy,Shaymin
492,Shaymin,4,"['Grass', 'Null']",600,100,100,100,100,100,100,Darkrai,Arceus
493,Arceus,5,"['Normal', 'Null']",720,120,120,120,120,120,120,Shaymin,Victini
494,Victini,5,"['Psychic', 'Fire']",600,100,100,100,100,100,100,Arceus,Snivy
495,Snivy,5,"['Grass', 'Null']",308,45,45,55,45,55,63,Victini,Servine
496,Servine,5,"['Grass', 'Null']",413,60,60,75,60,75,83,Snivy,Serperior
497,Serperior,5,"['Grass', 'Null']",528,75,75,95,75,95,113,Servine,Tepig
498,Tepig,5,"['Fire', 'Null']",308,65,63,45,45,45,45,Serperior,Pignite
499,Pignite,5,"['Fire', 'Fighting']",418,90,93,55,70,55,55,Tepig,Emboar
500,Emboar,5,"['Fire', 'Fighting']",528,110,123,65,100,65,65,Pignite,Oshawott
501,Oshawott,5,"['Water', 'Null']",308,55,55,45,63,45,45,Emboar,Dewott
502,Dewott,5,"['Water', 'Null']",413,75,75,60,83,60,60,Oshawott,Samurott
503,Samurott,5,"['Water', 'Null']",528,95,100,85,108,70,70,Dewott,Patrat
504,Patrat,5,"['Normal', 'Null']",255,45,55,39,35,39,42,Samurott,Watchog
505,Watchog,5,"['Normal', 'Null']",420,60,85,69,60,69,77,Patrat,Lillipup
506,Lillipup,5,"['Normal', 'Null']",275,45,60,45,25,45,55,Watchog,Herdier
507,Herdier,5,"['Normal', 'Null']",370,65,80,65,35,65,60,Lillipup,Stoutland
508,Stoutland,5,"['Normal', 'Null']",500,85,110,90,45,90,80,Herdier,Purrloin
509,Purrloin,5,"['Dark', 'Null']",281,41,50,37,50,37,66,Stoutland,Liepard
510,Liepard,5,"['Dark', 'Null']",446,64,88,50,88,50,106,Purrloin,Pansage
511,Pansage,5,"['Grass', 'Null']",316,50,53,48,53,48,64,Liepard,Simisage
512,Simisage,5,"['Grass', 'Null']",498,75,98,63,98,63,101,Pansage,Pansear
513,Pansear,5,"['Fire', 'Null']",316,50,53,48,53,48,64,Simisage,Simisear
514,Simisear,5,"['Fire', 'Null']",498,75,98,63,98,63,101,Pansear,Panpour
515,Panpour,5,"['Water', 'Null']",316,50,53,48,53,48,64,Simisear,Simipour
516,Simipour,5,"['Water', 'Null']",498,75,98,63,98,63,101,Panpour,Munna
517,Munna,5,"['Psychic', 'Null']",292,76,25,45,67,55,24,Simipour,Musharna
518,Musharna,5,"['Psychic', 'Null']",487,116,55,85,107,95,29,Munna,Pidove
519,Pidove,5,"['Normal', 'Flying']",264,50,55,50,36,30,43,Musharna,Tranquill
520,Tranquill,5,"['Normal', 'Flying']",358,62,77,62,50,42,65,Pidove,Unfezant
521,Unfezant,5,"['Normal', 'Flying']",488,80,115,80,65,55,93,Tranquill,Blitzle
522,Blitzle,5,"['Electric', 'Null']",295,45,60,32,50,32,76,Unfezant,Zebstrika
523,Zebstrika,5,"['Electric', 'Null']",497,75,100,63,80,63,116,Blitzle,Roggenrola
524,Roggenrola,5,"['Rock', 'Null']",280,55,75,85,25,25,15,Zebstrika,Boldore
525,Boldore,5,"['Rock', 'Null']",390,70,105,105,50,40,20,Roggenrola,Gigalith
526,Gigalith,5,"['Rock', 'Null']",515,85,135,130,60,80,25,Boldore,Woobat
527,Woobat,5,"['Psychic', 'Flying']",323,65,45,43,55,43,72,Gigalith,Swoobat
528,Swoobat,5,"['Psychic', 'Flying']",425,67,57,55,77,55,114,Woobat,Drilbur
529,Drilbur,5,"['Ground', 'Null']",328,60,85,40,30,45,68,Swoobat,Excadrill
530,Excadrill,5,"['Ground', 'Steel']",508,110,135,60,50,65,88,Drilbur,Audino
531,Audino,5,"['Normal', 'Null']",445,103,60,86,60,86,50,Excadrill,Timburr
532,Timburr,5,"['Fighting', 'Null']",305,75,80,55,25,35,35,Audino,Gurdurr
533,Gurdurr,5,"['Fighting', 'Null']",405,85,105,85,40,50,40,Timburr,Conkeldurr
534,Conkeldurr,5,"['Fighting', 'Null']",505,105,140,95,55,65,45,Gurdurr,Tympole
535,Tympole,5,"['Water', 'Null']",294,50,50,40,50,40,64,Conkeldurr,Palpitoad
536,Palpitoad,5,"['Water', 'Ground']",384,75,65,55,65,55,69,Tympole,Seismitoad
537,Seismitoad,5,"['Water', 'Ground']",509,105,95,75,85,75,74,Palpitoad,Throh
538,Throh,5,"['Fighting', 'Null']",465,120,100,85,30,85,45,Seismitoad,Sawk
539,Sawk,5,"['Fighting', 'Null']",465,75,125,75,30,75,85,Throh,Sewaddle
540,Sewaddle,5,"['Bug', 'Grass']",310,45,53,70,40,60,42,Sawk,Swadloon
541,Swadloon,5,"['Bug', 'Grass']",380,55,63,90,50,80,42,Sewaddle,Leavanny
542,Leavanny,5,"['Bug', 'Grass']",500,75,103,80,70,80,92,Swadloon,Venipede
543,Venipede,5,"['Bug', 'Poison']",260,30,45,59,30,39,57,Leavanny,Whirlipede
544,Whirlipede,5,"['Bug', 'Poison']",360,40,55,99,40,79,47,Venipede,Scolipede
545,Scolipede,5,"['Bug', 'Poison']",485,60,100,89,55,69,112,Whirlipede,Cottonee
546,Cottonee,5,"['Grass', 'Fairy']",280,40,27,60,37,50,66,Scolipede,Whimsicott
547,Whimsicott,5,"['Grass', 'Fairy']",480,60,67,85,77,75,116,Cottonee,Petilil
548,Petilil,5,"['Grass', 'Null']",280,45,35,50,70,50,30,Whimsicott,Lilligant
549,Lilligant,5,"['Grass', 'Null']",480,70,60,75,110,75,90,Petilil,Basculin
550,Basculin,5,"['Water', 'Null']",460,70,92,65,80,55,98,Lilligant,Sandile
551,Sandile,5,"['Ground', 'Dark']",292,50,72,35,35,35,65,Basculin,Krokorok
552,Krokorok,5,"['Ground', 'Dark']",351,60,82,45,45,45,74,Sandile,Krookodile
553,Krookodile,5,"['Ground', 'Dark']",519,95,117,80,65,70,92,Krokorok,Darumaka
554,Darumaka,5,"['Fire', 'Null']",315,70,90,45,15,45,50,Krookodile,Darmanitan
555,Darmanitan,5,"['Fire', 'Null']",480,105,140,55,30,55,95,Darumaka,Maractus
556,Maractus,5,"['Grass', 'Null']",461,75,86,67,106,67,60,Darmanitan,Dwebble
557,Dwebble,5,"['Bug', 'Rock']",325,50,65,85,35,35,55,Maractus,Crustle
558,Crustle,5,"['Bug', 'Rock']",485,70,105,125,65,75,45,Dwebble,Scraggy
559,Scraggy,5,"['Dark', 'Fighting']",348,50,75,70,35,70,48,Crustle,Scrafty
560,Scrafty,5,"['Dark', 'Fighting']",488,65,90,115,45,115,58,Scraggy,Sigilyph
561,Sigilyph,5,"['Psychic', 'Flying']",490,72,58,80,103,80,97,Scrafty,Yamask
562,Yamask,5,"['Ghost', 'Null']",303,38,30,85,55,65,30,Sigilyph,Cofagrigus
563,Cofagrigus,5,"['Ghost', 'Null']",483,58,50,145,95,105,30,Yamask,Tirtouga
564,Tirtouga,5,"['Water', 'Rock']",355,54,78,103,53,45,22,Cofagrigus,Carracosta
565,Carracosta,5,"['Water', 'Rock']",495,74,108,133,83,65,32,Tirtouga,Archen
566,Archen,5,"['Rock', 'Flying']",401,55,112,45,74,45,70,Carracosta,Archeops
567,Archeops,5,"['Rock', 'Flying']",567,75,140,65,112,65,110,Archen,Trubbish
568,Trubbish,5,"['Poison', 'Null']",329,50,50,62,40,62,65,Archeops,Garbodor
569,Garbodor,5,"['Poison', 'Null']",474,80,95,82,60,82,75,Trubbish,Zorua
570,Zorua,5,"['Dark', 'Null']",330,40,65,40,80,40,65,Garbodor,Zoroark
571,Zoroark,5,"['Dark', 'Null']",510,60,105,60,120,60,105,Zorua,Minccino
572,Minccino,5,"['Normal', 'Null']",300,55,50,40,40,40,75,Zoroark,Cinccino
573,Cinccino,5,"['Normal', 'Null']",470,75,95,60,65,60,115,Minccino,Gothita
574,Gothita,5,"['Psychic', 'Null']",290,45,30,50,55,65,45,Cinccino,Gothorita
575,Gothorita,5,"['Psychic', 'Null']",390,60,45,70,75,85,55,Gothita,Gothitelle
576,Gothitelle,5,"['Psychic', 'Null']",490,70,55,95,95,110,65,Gothorita,Solosis
577,Solosis,5,"['Psychic', 'Null']",290,45,30,40,105,50,20,Gothitelle,Duosion
578,Duosion,5,"['Psychic', 'Null']",370,65,40,50,125,60,30,Solosis,Reuniclus
579,Reuniclus,5,"['Psychic', 'Null']",490,110,65,75,125,85,30,Duosion,Ducklett
580,Ducklett,5,"['Water', 'Flying']",305,62,44,50,44,50,55,Reuniclus,Swanna
581,Swanna,5,"['Water', 'Flying']",473,75,87,63,87,63,98,Ducklett,Vanillite
582,Vanillite,5,"['Ice', 'Null']",305,36,50,50,65,60,44,Swanna,Vanillish
583,Vanillish,5,"['Ice', 'Null']",395,51,65,65,80,75,59,Vanillite,Vanilluxe
584,Vanilluxe,5,"['Ice', 'Null']",535,71,95,85,110,95,79,Vanillish,Deerling
585,Deerling,5,"['Normal', 'Grass']",335,60,60,50,40,50,75,Vanilluxe,Sawsbuck
586,Sawsbuck,5,"['Normal', 'Grass']",475,80,100,70,60,70,95,Deerling,Emolga
587,Emolga,5,"['Electric', 'Flying']",428,55,75,60,75,60,103,Sawsbuck,Karrablast
588,Karrablast,5,"['Bug', 'Null']",315,50,75,45,40,45,60,Emolga,Escavalier
589,Escavalier,5,"['Bug', 'Steel']",495,70,135,105,60,105,20,Karrablast,Foongus
590,Foongus,5,"['Grass', 'Poison']",294,69,55,45,55,55,15,Escavalier,Amoonguss
591,Amoonguss,5,"['Grass', 'Poison']",464,114,85,70,85,80,30,Foongus,Frillish
592,Frillish,5,"['Water', 'Ghost']",335,55,40,50,65,85,40,Amoonguss,Jellicent
593,Jellicent,5,"['Water', 'Ghost']",480,100,60,70,85,105,60,Frillish,Alomomola
594,Alomomola,5,"['Water', 'Null']",470,165,75,80,40,45,65,Jellicent,Joltik
595,Joltik,5,"['Bug', 'Electric']",319,50,47,50,57,50,65,Alomomola,Galvantula
596,Galvantula,5,"['Bug', 'Electric']",472,70,77,60,97,60,108,Joltik,Ferroseed
597,Ferroseed,5,"['Grass', 'Steel']",305,44,50,91,24,86,10,Galvantula,Ferrothorn
598,Ferrothorn,5,"['Grass', 'Steel']",489,74,94,131,54,116,20,Ferroseed,Klink
599,Klink,5,"['Steel', 'Null']",300,40,55,70,45,60,30,Ferrothorn,Klang
600,Klang,5,"['Steel', 'Null']",440,60,80,95,70,85,50,Klink,Klinklang
601,Klinklang,5,"['Steel', 'Null']",520,60,100,115,70,85,90,Klang,Tynamo
602,Tynamo,5,"['Electric', 'Null']",275,35,55,40,45,40,60,Klinklang,Eelektrik
603,Eelektrik,5,"['Electric', 'Null']",405,65,85,70,75,70,40,Tynamo,Eelektross
604,Eelektross,5,"['Electric', 'Null']",515,85,115,80,105,80,50,Eelektrik,Elgyem
605,Elgyem,5,"['Psychic', 'Null']",335,55,55,55,85,55,30,Eelektross,Beheeyem
606,Beheeyem,5,"['Psychic', 'Null']",485,75,75,75,125,95,40,Elgyem,Litwick
607,Litwick,5,"['Ghost', 'Fire']",275,50,30,55,65,55,20,Beheeyem,Lampent
608,Lampent,5,"['Ghost', 'Fire']",370,60,40,60,95,60,55,Litwick,Chandelure
609,Chandelure,5,"['Ghost', 'Fire']",520,60,55,90,145,90,80,Lampent,Axew
610,Axew,5,"['Dragon', 'Null']",320,46,87,60,30,40,57,Chandelure,Fraxure
611,Fraxure,5,"['Dragon', 'Null']",410,66,117,70,40,50,67,Axew,Haxorus
612,Haxorus,5,"['Dragon', 'Null']",540,76,147,90,60,70,97,Fraxure,Cubchoo
613,Cubchoo,5,"['Ice', 'Null']",305,55,70,40,60,40,40,Haxorus,Beartic
614,Beartic,5,"['Ice', 'Null']",505,95,130,80,70,80,50,Cubchoo,Cryogonal
615,Cryogonal,5,"['Ice', 'Null']",515,80,50,50,95,135,105,Beartic,Shelmet
616,Shelmet,5,"['Bug', 'Null']",305,50,40,85,40,65,25,Cryogonal,Accelgor
617,Accelgor,5,"['Bug', 'Null']",495,80,70,40,100,60,145,Shelmet,Stunfisk
618,Stunfisk,5,"['Ground', 'Electric']",471,109,66,84,81,99,32,Accelgor,Mienfoo
619,Mienfoo,5,"['Fighting', 'Null']",350,45,85,50,55,50,65,Stunfisk,Mienshao
620,Mienshao,5,"['Fighting', 'Null']",510,65,125,60,95,60,105,Mienfoo,Druddigon
621,Druddigon,5,"['Dragon', 'Null']",485,77,120,90,60,90,48,Mienshao,Golett
622,Golett,5,"['Ground', 'Ghost']",303,59,74,50,35,50,35,Druddigon,Golurk
623,Golurk,5,"['Ground', 'Ghost']",483,89,124,80,55,80,55,Golett,Pawniard
624,Pawniard,5,"['Dark', 'Steel']",340,45,85,70,40,40,60,Golurk,Bisharp
625,Bisharp,5,"['Dark', 'Steel']",490,65,125,100,60,70,70,Pawniard,Bouffalant
626,Bouffalant,5,"['Normal', 'Null']",490,95,110,95,40,95,55,Bisharp,Rufflet
627,Rufflet,5,"['Normal', 'Flying']",350,70,83,50,37,50,60,Bouffalant,Braviary
628,Braviary,5,"['Normal', 'Flying']",510,100,123,75,57,75,80,Rufflet,Vullaby
629,Vullaby,5,"['Dark', 'Flying']",370,70,55,75,45,65,60,Braviary,Mandibuzz
630,Mandibuzz,5,"['Dark', 'Flying']",510,110,65,105,55,95,80,Vullaby,Heatmor
631,Heatmor,5,"['Fire', 'Null']",484,85,97,66,105,66,65,Mandibuzz,Durant
632,Durant,5,"['Bug', 'Steel']",484,58,109,112,48,48,109,Heatmor,Deino
633,Deino,5,"['Dark', 'Dragon']",300,52,65,50,45,50,38,Durant,Zweilous
634,Zweilous,5,"['Dark', 'Dragon']",420,72,85,70,65,70,58,Deino,Hydreigon
635,Hydreigon,5,"['Dark', 'Dragon']",600,92,105,90,125,90,98,Zweilous,Larvesta
636,Larvesta,5,"['Bug', 'Fire']",360,55,85,55,50,55,60,Hydreigon,Volcarona
637,Volcarona,5,"['Bug', 'Fire']",550,85,60,65,135,105,100,Larvesta,Cobalion
638,Cobalion,5,"['Steel', 'Fighting']",580,91,90,129,90,72,108,Volcarona,Terrakion
639,Terrakion,5,"['Rock', 'Fighting']",580,91,129,90,72,90,108,Cobalion,Virizion
640,Virizion,5,"['Grass', 'Fighting']",580,91,90,72,90,129,108,Terrakion,Tornadus
641,Tornadus,5,"['Flying', 'Null']",580,79,115,70,125,80,111,Virizion,Thundurus
642,Thundurus,5,"['Electric', 'Flying']",580,79,115,70,125,80,111,Tornadus,Reshiram
643,Reshiram,5,"['Dragon', 'Fire']",680,100,120,100,150,120,90,Thundurus,Zekrom
644,Zekrom,5,"['Dragon', 'Electric']",680,100,150,120,120,100,90,Reshiram,Landorus
645,Landorus,5,"['Ground', 'Flying']",600,89,125,90,115,80,101,Zekrom,Kyurem
646,Kyurem,5,"['Dragon', 'Ice']",660,125,130,90,130,90,95,Landorus,Keldeo
647,Keldeo,5,"['Water', 'Fighting']",580,91,72,90,129,90,108,Kyurem,Meloetta
648,Meloetta,5,"['Normal', 'Psychic']",600,100,77,77,128,128,90,Keldeo,Genesect
649,Genesect,6,"['Bug', 'Steel']",600,71,120,95,120,95,99,Meloetta,Chespin
650,Chespin,6,"['Grass', 'Null']",313,56,61,65,48,45,38,Genesect,Quilladin
651,Quilladin,6,"['Grass', 'Null']",405,61,78,95,56,58,57,Chespin,Chesnaught
652,Chesnaught,6,"['Grass', 'Fighting']",530,88,107,122,74,75,64,Quilladin,Fennekin
653,Fennekin,6,"['Fire', 'Null']",307,40,45,40,62,60,60,Chesnaught,Braixen
654,Braixen,6,"['Fire', 'Null']",409,59,59,58,90,70,73,Fennekin,Delphox
655,Delphox,6,"['Fire', 'Psychic']",534,75,69,72,114,100,104,Braixen,Froakie
656,Froakie,6,"['Water', 'Null']",314,41,56,40,62,44,71,Delphox,Frogadier
657,Frogadier,6,"['Water', 'Null']",405,54,63,52,83,56,97,Froakie,Greninja
658,Greninja,6,"['Water', 'Dark']",530,72,95,67,103,71,122,Frogadier,Bunnelby
659,Bunnelby,6,"['Normal', 'Null']",237,38,36,38,32,36,57,Greninja,Diggersby
660,Diggersby,6,"['Normal', 'Ground']",423,85,56,77,50,77,78,Bunnelby,Fletchling
661,Fletchling,6,"['Normal', 'Flying']",278,45,50,43,40,38,62,Diggersby,Fletchinder
662,Fletchinder,6,"['Fire', 'Flying']",382,62,73,55,56,52,84,Fletchling,Talonflame
663,Talonflame,6,"['Fire', 'Flying']",499,78,81,71,74,69,126,Fletchinder,Scatterbug
664,Scatterbug,6,"['Bug', 'Null']",200,38,35,40,27,25,35,Talonflame,Spewpa
665,Spewpa,6,"['Bug', 'Null']",213,45,22,60,27,30,29,Scatterbug,Vivillon
666,Vivillon,6,"['Bug', 'Flying']",411,80,52,50,90,50,89,Spewpa,Litleo
667,Litleo,6,"['Fire', 'Normal']",369,62,50,58,73,54,72,Vivillon,Pyroar
668,Pyroar,6,"['Fire', 'Normal']",507,86,68,72,109,66,106,Litleo,Flabébé
669,Flabébé,6,"['Fairy', 'Null']",303,44,38,39,61,79,42,Pyroar,Floette
670,Floette,6,"['Fairy', 'Null']",371,54,45,47,75,98,52,Flabébé,Florges
671,Florges,6,"['Fairy', 'Null']",552,78,65,68,112,154,75,Floette,Skiddo
672,Skiddo,6,"['Grass', 'Null']",350,66,65,48,62,57,52,Florges,Gogoat
673,Gogoat,6,"['Grass', 'Null']",531,123,100,62,97,81,68,Skiddo,Pancham
674,Pancham,6,"['Fighting', 'Null']",348,67,82,62,46,48,43,Gogoat,Pangoro
675,Pangoro,6,"['Fighting', 'Dark']",495,95,124,78,69,71,58,Pancham,Furfrou
676,Furfrou,6,"['Normal', 'Null']",472,75,80,60,65,90,102,Pangoro,Espurr
677,Espurr,6,"['Psychic', 'Null']",355,62,48,54,63,60,68,Furfrou,Meowstic
678,Meowstic,6,"['Psychic', 'Null']",466,74,48,76,83,81,104,Espurr,Honedge
679,Honedge,6,"['Steel', 'Ghost']",325,45,80,100,35,37,28,Meowstic,Doublade
680,Doublade,6,"['Steel', 'Ghost']",448,59,110,150,45,49,35,Honedge,Aegislash
681,Aegislash,6,"['Steel', 'Ghost']",500,60,50,140,50,140,60,Doublade,Spritzee
682,Spritzee,6,"['Fairy', 'Null']",341,78,52,60,63,65,23,Aegislash,Aromatisse
683,Aromatisse,6,"['Fairy', 'Null']",462,101,72,72,99,89,29,Spritzee,Swirlix
684,Swirlix,6,"['Fairy', 'Null']",341,62,48,66,59,57,49,Aromatisse,Slurpuff
685,Slurpuff,6,"['Fairy', 'Null']",480,82,80,86,85,75,72,Swirlix,Inkay
686,Inkay,6,"['Dark', 'Psychic']",288,53,54,53,37,46,45,Slurpuff,Malamar
687,Malamar,6,"['Dark', 'Psychic']",482,86,92,88,68,75,73,Inkay,Binacle
688,Binacle,6,"['Rock', 'Water']",306,42,52,67,39,56,50,Malamar,Barbaracle
689,Barbaracle,6,"['Rock', 'Water']",500,72,105,115,54,86,68,Binacle,Skrelp
690,Skrelp,6,"['Poison', 'Water']",320,50,60,60,60,60,30,Barbaracle,Dragalge
691,Dragalge,6,"['Poison', 'Dragon']",494,65,75,90,97,123,44,Skrelp,Clauncher
692,Clauncher,6,"['Water', 'Null']",330,50,53,62,58,63,44,Dragalge,Clawitzer
693,Clawitzer,6,"['Water', 'Null']",500,71,73,88,120,89,59,Clauncher,Helioptile
694,Helioptile,6,"['Electric', 'Normal']",289,44,38,33,61,43,70,Clawitzer,Heliolisk
695,Heliolisk,6,"['Electric', 'Normal']",481,62,55,52,109,94,109,Helioptile,Tyrunt
696,Tyrunt,6,"['Rock', 'Dragon']",362,58,89,77,45,45,48,Heliolisk,Tyrantrum
697,Tyrantrum,6,"['Rock', 'Dragon']",521,82,121,119,69,59,71,Tyrunt,Amaura
698,Amaura,6,"['Rock', 'Ice']",362,77,59,50,67,63,46,Tyrantrum,Aurorus
699,Aurorus,6,"['Rock', 'Ice']",521,123,77,72,99,92,58,Amaura,Sylveon
700,Sylveon,6,"['Fairy', 'Null']",525,95,65,65,110,130,60,Aurorus,Hawlucha
701,Hawlucha,6,"['Fighting', 'Flying']",500,78,92,75,74,63,118,Sylveon,Dedenne
702,Dedenne,6,"['Electric', 'Fairy']",431,67,58,57,81,67,101,Hawlucha,Carbink
703,Carbink,6,"['Rock', 'Fairy']",500,50,50,150,50,150,50,Dedenne,Goomy
704,Goomy,6,"['Dragon', 'Null']",300,45,50,35,55,75,40,Carbink,Sliggoo
705,Sliggoo,6,"['Dragon', 'Null']",452,68,75,53,83,113,60,Goomy,Goodra
706,Goodra,6,"['Dragon', 'Null']",600,90,100,70,110,150,80,Sliggoo,Klefki
707,Klefki,6,"['Steel', 'Fairy']",470,57,80,91,80,87,75,Goodra,Phantump
708,Phantump,6,"['Ghost', 'Grass']",309,43,70,48,50,60,38,Klefki,Trevenant
709,Trevenant,6,"['Ghost', 'Grass']",474,85,110,76,65,82,56,Phantump,Pumpkaboo
710,Pumpkaboo,6,"['Ghost', 'Grass']",335,49,66,70,44,55,51,Trevenant,Gourgeist
711,Gourgeist,6,"['Ghost', 'Grass']",494,65,90,122,58,75,84,Pumpkaboo,Bergmite
712,Bergmite,6,"['Ice', 'Null']",304,55,69,85,32,35,28,Gourgeist,Avalugg
713,Avalugg,6,"['Ice', 'Null']",514,95,117,184,44,46,28,Bergmite,Noibat
714,Noibat,6,"['Flying', 'Dragon']",245,40,30,35,45,40,55,Avalugg,Noivern
715,Noivern,6,"['Flying', 'Dragon']",535,85,70,80,97,80,123,Noibat,Xerneas
716,Xerneas,6,"['Fairy', 'Null']",680,126,131,95,131,98,99,Noivern,Yveltal
717,Yveltal,6,"['Dark', 'Flying']",680,126,131,95,131,98,99,Xerneas,Zygarde
718,Zygarde,6,"['Dragon', 'Ground']",600,108,100,121,81,95,95,Yveltal,Diancie
719,Diancie,6,"['Rock', 'Fairy']",600,50,100,150,100,150,50,Zygarde,Hoopa
720,Hoopa,6,"['Psychic', 'Ghost']",600,80,110,60,150,130,70,Diancie,Volcanion
721,Volcanion,7,"['Fire', 'Water']",600,80,110,120,130,90,70,Hoopa,Rowlet
722,Rowlet,7,"['Grass', 'Flying']",320,68,55,55,50,50,42,Volcanion,Dartrix
723,Dartrix,7,"['Grass', 'Flying']",420,78,75,75,70,70,52,Rowlet,Decidueye
724,Decidueye,7,"['Grass', 'Ghost']",530,78,107,75,100,100,70,Dartrix,Litten
725,Litten,7,"['Fire', 'Null']",320,45,65,40,60,40,70,Decidueye,Torracat
726,Torracat,7,"['Fire', 'Null']",420,65,85,50,80,50,90,Litten,Incineroar
727,Incineroar,7,"['Fire', 'Dark']",530,95,115,90,80,90,60,Torracat,Popplio
728,Popplio,7,"['Water', 'Null']",320,50,54,54,66,56,40,Incineroar,Brionne
729,Brionne,7,"['Water', 'Null']",420,60,69,69,91,81,50,Popplio,Primarina
730,Primarina,7,"['Water', 'Fairy']",530,80,74,74,126,116,60,Brionne,Pikipek
731,Pikipek,7,"['Normal', 'Flying']",265,35,75,30,30,30,65,Primarina,Trumbeak
732,Trumbeak,7,"['Normal', 'Flying']",355,55,85,50,40,50,75,Pikipek,Toucannon
733,Toucannon,7,"['Normal', 'Flying']",485,80,120,75,75,75,60,Trumbeak,Yungoos
734,Yungoos,7,"['Normal', 'Null']",253,48,70,30,30,30,45,Toucannon,Gumshoos
735,Gumshoos,7,"['Normal', 'Null']",418,88,110,60,55,60,45,Yungoos,Grubbin
736,Grubbin,7,"['Bug', 'Null']",300,47,62,45,55,45,46,Gumshoos,Charjabug
737,Charjabug,7,"['Bug', 'Electric']",400,57,82,95,55,75,36,Grubbin,Vikavolt
738,Vikavolt,7,"['Bug', 'Electric']",500,77,70,90,145,75,43,Charjabug,Crabrawler
739,Crabrawler,7,"['Fighting', 'Null']",338,47,82,57,42,47,63,Vikavolt,Crabominable
740,Crabominable,7,"['Fighting', 'Ice']",478,97,132,77,62,67,43,Crabrawler,Oricorio
741,Oricorio,7,"['Fire', 'Flying']",476,75,70,70,98,70,93,Crabominable,Cutiefly
742,Cutiefly,7,"['Bug', 'Fairy']",304,40,45,40,55,40,84,Oricorio,Ribombee
743,Ribombee,7,"['Bug', 'Fairy']",464,60,55,60,95,70,124,Cutiefly,Rockruff
744,Rockruff,7,"['Rock', 'Null']",280,45,65,40,30,40,60,Ribombee,Lycanroc
745,Lycanroc,7,"['Rock', 'Null']",487,75,115,65,55,65,112,Rockruff,Wishiwashi
746,Wishiwashi,7,"['Water', 'Null']",175,45,20,20,25,25,40,Lycanroc,Mareanie
747,Mareanie,7,"['Poison', 'Water']",305,50,53,62,43,52,45,Wishiwashi,Toxapex
748,Toxapex,7,"['Poison', 'Water']",495,50,63,152,53,142,35,Mareanie,Mudbray
749,Mudbray,7,"['Ground', 'Null']",385,70,100,70,45,55,45,Toxapex,Mudsdale
750,Mudsdale,7,"['Ground', 'Null']",500,100,125,100,55,85,35,Mudbray,Dewpider
751,Dewpider,7,"['Water', 'Bug']",269,38,40,52,40,72,27,Mudsdale,Araquanid
752,Araquanid,7,"['Water', 'Bug']",454,68,70,92,50,132,42,Dewpider,Fomantis
753,Fomantis,7,"['Grass', 'Null']",250,40,55,35,50,35,35,Araquanid,Lurantis
754,Lurantis,7,"['Grass', 'Null']",480,70,105,90,80,90,45,Fomantis,Morelull
755,Morelull,7,"['Grass', 'Fairy']",285,40,35,55,65,75,15,Lurantis,Shiinotic
756,Shiinotic,7,"['Grass', 'Fairy']",405,60,45,80,90,100,30,Morelull,Salandit
757,Salandit,7,"['Poison', 'Fire']",320,48,44,40,71,40,77,Shiinotic,Salazzle
758,Salazzle,7,"['Poison', 'Fire']",480,68,64,60,111,60,117,Salandit,Stufful
759,Stufful,7,"['Normal', 'Fighting']",340,70,75,50,45,50,50,Salazzle,Bewear
760,Bewear,7,"['Normal', 'Fighting']",500,120,125,80,55,60,60,Stufful,Bounsweet
761,Bounsweet,7,"['Grass', 'Null']",210,42,30,38,30,38,32,Bewear,Steenee
762,Steenee,7,"['Grass', 'Null']",290,52,40,48,40,48,62,Bounsweet,Tsareena
763,Tsareena,7,"['Grass', 'Null']",510,72,120,98,50,98,72,Steenee,Comfey
764,Comfey,7,"['Fairy', 'Null']",485,51,52,90,82,110,100,Tsareena,Oranguru
765,Oranguru,7,"['Normal', 'Psychic']",490,90,60,80,90,110,60,Comfey,Passimian
766,Passimian,7,"['Fighting', 'Null']",490,100,120,90,40,60,80,Oranguru,Wimpod
767,Wimpod,7,"['Bug', 'Water']",230,25,35,40,20,30,80,Passimian,Golisopod
768,Golisopod,7,"['Bug', 'Water']",530,75,125,140,60,90,40,Wimpod,Sandygast
769,Sandygast,7,"['Ghost', 'Ground']",320,55,55,80,70,45,15,Golisopod,Palossand
770,Palossand,7,"['Ghost', 'Ground']",480,85,75,110,100,75,35,Sandygast,Pyukumuku
771,Pyukumuku,7,"['Water', 'Null']",410,55,60,130,30,130,5,Palossand,Type: Null
772,Type: Null,7,"['Normal', 'Null']",534,95,95,95,95,95,59,Pyukumuku,Silvally
773,Silvally,7,"['Normal', 'Null']",570,95,95,95,95,95,95,Type: Null,Minior
774,Minior,7,"['Rock', 'Flying']",440,60,60,100,60,100,60,Silvally,Komala
775,Komala,7,"['Normal', 'Null']",480,65,115,65,75,95,65,Minior,Turtonator
776,Turtonator,7,"['Fire', 'Dragon']",485,60,78,135,91,85,36,Komala,Togedemaru
777,Togedemaru,7,"['Electric', 'Steel']",435,65,98,63,40,73,96,Turtonator,Mimikyu
778,Mimikyu,7,"['Ghost', 'Fairy']",476,55,90,80,50,105,96,Togedemaru,Bruxish
779,Bruxish,7,"['Water', 'Psychic']",475,68,105,70,70,70,92,Mimikyu,Drampa
780,Drampa,7,"['Normal', 'Dragon']",485,78,60,85,135,91,36,Bruxish,Dhelmise
781,Dhelmise,7,"['Ghost', 'Grass']",517,70,131,100,86,90,40,Drampa,Jangmo-o
782,Jangmo-o,7,"['Dragon', 'Null']",300,45,55,65,45,45,45,Dhelmise,Hakamo-o
783,Hakamo-o,7,"['Dragon', 'Fighting']",420,55,75,90,65,70,65,Jangmo-o,Kommo-o
784,Kommo-o,7,"['Dragon', 'Fighting']",600,75,110,125,100,105,85,Hakamo-o,Tapu Koko
785,Tapu Koko,7,"['Electric', 'Fairy']",570,70,115,85,95,75,130,Kommo-o,Tapu Lele
786,Tapu Lele,7,"['Psychic', 'Fairy']",570,70,85,75,130,115,95,Tapu Koko,Tapu Bulu
787,Tapu Bulu,7,"['Grass', 'Fairy']",570,70,130,115,85,95,75,Tapu Lele,Tapu Fini
788,Tapu Fini,7,"['Water', 'Fairy']",570,70,75,115,95,130,85,Tapu Bulu,Cosmog
789,Cosmog,7,"['Psychic', 'Null']",200,43,29,31,29,31,37,Tapu Fini,Cosmoem
790,Cosmoem,7,"['Psychic', 'Null']",400,43,29,131,29,131,37,Cosmog,Solgaleo
791,Solgaleo,7,"['Psychic', 'Steel']",680,137,137,107,113,89,97,Cosmoem,Lunala
792,Lunala,7,"['Psychic', 'Ghost']",680,137,113,89,137,107,97,Solgaleo,Nihilego
793,Nihilego,7,"['Rock', 'Poison']",570,109,53,47,127,131,103,Lunala,Buzzwole
794,Buzzwole,7,"['Bug', 'Fighting']",570,107,139,139,53,53,79,Nihilego,Pheromosa
795,Pheromosa,7,"['Bug', 'Fighting']",570,71,137,37,137,37,151,Buzzwole,Xurkitree
796,Xurkitree,7,"['Electric', 'Null']",570,83,89,71,173,71,83,Pheromosa,Celesteela
797,Celesteela,7,"['Steel', 'Flying']",570,97,101,103,107,101,61,Xurkitree,Kartana
798,Kartana,7,"['Grass', 'Steel']",570,59,181,131,59,31,109,Celesteela,Guzzlord
799,Guzzlord,7,"['Dark', 'Dragon']",570,223,101,53,97,53,43,Kartana,Necrozma
800,Necrozma,7,"['Psychic', 'Null']",600,97,107,101,127,89,79,Guzzlord,Magearna
801,Magearna,7,"['Steel', 'Fairy']",600,80,95,115,130,115,65,Necrozma,Marshadow
802,Marshadow,7,"['Fighting', 'Ghost']",600,90,125,80,90,90,125,Magearna,Poipole
803,Poipole,7,"['Poison', 'Null']",420,67,73,67,73,67,73,Marshadow,Naganadel
804,Naganadel,8,"['Poison', 'Dragon']",540,73,73,73,127,73,121,Poipole,Stakataka
805,Stakataka,8,"['Rock', 'Steel']",570,61,131,211,53,101,13,Naganadel,Blacephalon
806,Blacephalon,8,"['Fire', 'Ghost']",570,53,127,53,151,79,107,Stakataka,Zeraora
807,Zeraora,8,"['Electric', 'Null']",600,88,112,75,102,80,143,Blacephalon,Meltan
808,Meltan,8,"['Steel', 'Null']",300,46,65,65,55,35,34,Zeraora,Melmetal
809,Melmetal,8,"['Steel', 'Null']",600,135,143,143,80,65,34,Meltan,Grookey
810,Grookey,8,"['Grass', 'Null']",310,50,65,50,40,40,65,Melmetal,Thwackey
811,Thwackey,8,"['Grass', 'Null']",420,70,85,70,55,60,80,Grookey,Rillaboom
812,Rillaboom,8,"['Grass', 'Null']",530,100,125,90,60,70,85,Thwackey,Scorbunny
813,Scorbunny,8,"['Fire', 'Null']",310,50,71,40,40,40,69,Rillaboom,Raboot
814,Raboot,8,"['Fire', 'Null']",420,65,86,60,55,60,94,Scorbunny,Cinderace
815,Cinderace,8,"['Fire', 'Null']",530,80,116,75,65,75,119,Raboot,Sobble
816,Sobble,8,"['Water', 'Null']",310,50,40,40,70,40,70,Cinderace,Drizzile
817,Drizzile,8,"['Water', 'Null']",420,65,60,55,95,55,90,Sobble,Inteleon
818,Inteleon,8,"['Water', 'Null']",530,70,85,65,125,65,120,Drizzile,Skwovet
819,Skwovet,8,"['Normal', 'Null']",275,70,55,55,35,35,25,Inteleon,Greedent
820,Greedent,8,"['Normal', 'Null']",460,120,95,95,55,75,20,Skwovet,Rookidee
821,Rookidee,8,"['Flying', 'Null']",245,38,47,35,33,35,57,Greedent,Corvisquire
822,Corvisquire,8,"['Flying', 'Null']",365,68,67,55,43,55,77,Rookidee,Corviknight
823,Corviknight,8,"['Flying', 'Steel']",495,98,87,105,53,85,67,Corvisquire,Blipbug
824,Blipbug,8,"['Bug', 'Null']",180,25,20,20,25,45,45,Corviknight,Dottler
825,Dottler,8,"['Bug', 'Psychic']",335,50,35,80,50,90,30,Blipbug,Orbeetle
826,Orbeetle,8,"['Bug', 'Psychic']",505,60,45,110,80,120,90,Dottler,Nickit
827,Nickit,8,"['Dark', 'Null']",245,40,28,28,47,52,50,Orbeetle,Thievul
828,Thievul,8,"['Dark', 'Null']",455,70,58,58,87,92,90,Nickit,Gossifleur
829,Gossifleur,8,"['Grass', 'Null']",250,40,40,60,40,60,10,Thievul,Eldegoss
830,Eldegoss,8,"['Grass', 'Null']",460,60,50,90,80,120,60,Gossifleur,Wooloo
831,Wooloo,8,"['Normal', 'Null']",270,42,40,55,40,45,48,Eldegoss,Dubwool
832,Dubwool,8,"['Normal', 'Null']",490,72,80,100,60,90,88,Wooloo,Chewtle
833,Chewtle,8,"['Water', 'Null']",284,50,64,50,38,38,44,Dubwool,Drednaw
834,Drednaw,8,"['Water', 'Rock']",485,90,115,90,48,68,74,Chewtle,Yamper
835,Yamper,8,"['Electric', 'Null']",270,59,45,50,40,50,26,Drednaw,Boltund
836,Boltund,8,"['Electric', 'Null']",490,69,90,60,90,60,121,Yamper,Rolycoly
837,Rolycoly,8,"['Rock', 'Null']",240,30,40,50,40,50,30,Boltund,Carkol
838,Carkol,8,"['Rock', 'Fire']",410,80,60,90,60,70,50,Rolycoly,Coalossal
839,Coalossal,8,"['Rock', 'Fire']",510,110,80,120,80,90,30,Carkol,Applin
840,Applin,8,"['Grass', 'Dragon']",260,40,40,80,40,40,20,Coalossal,Flapple
841,Flapple,8,"['Grass', 'Dragon']",485,70,110,80,95,60,70,Applin,Appletun
842,Appletun,8,"['Grass', 'Dragon']",485,110,85,80,100,80,30,Flapple,Silicobra
843,Silicobra,8,"['Ground', 'Null']",315,52,57,75,35,50,46,Appletun,Sandaconda
844,Sandaconda,8,"['Ground', 'Null']",510,72,107,125,65,70,71,Silicobra,Cramorant
845,Cramorant,8,"['Flying', 'Water']",475,70,85,55,85,95,85,Sandaconda,Arrokuda
846,Arrokuda,8,"['Water', 'Null']",280,41,63,40,40,30,66,Cramorant,Barraskewda
847,Barraskewda,8,"['Water', 'Null']",490,61,123,60,60,50,136,Arrokuda,Toxel
848,Toxel,8,"['Electric', 'Poison']",242,40,38,35,54,35,40,Barraskewda,Toxtricity
849,Toxtricity,8,"['Electric', 'Poison']",502,75,98,70,114,70,75,Toxel,Sizzlipede
850,Sizzlipede,8,"['Fire', 'Bug']",305,50,65,45,50,50,45,Toxtricity,Centiskorch
851,Centiskorch,8,"['Fire', 'Bug']",525,100,115,65,90,90,65,Sizzlipede,Clobbopus
852,Clobbopus,8,"['Fighting', 'Null']",310,50,68,60,50,50,32,Centiskorch,Grapploct
853,Grapploct,8,"['Fighting', 'Null']",480,80,118,90,70,80,42,Clobbopus,Sinistea
854,Sinistea,8,"['Ghost', 'Null']",308,40,45,45,74,54,50,Grapploct,Polteageist
855,Polteageist,8,"['Ghost', 'Null']",508,60,65,65,134,114,70,Sinistea,Hatenna
856,Hatenna,8,"['Psychic', 'Null']",265,42,30,45,56,53,39,Polteageist,Hattrem
857,Hattrem,8,"['Psychic', 'Null']",370,57,40,65,86,73,49,Hatenna,Hatterene
858,Hatterene,8,"['Psychic', 'Fairy']",510,57,90,95,136,103,29,Hattrem,Impidimp
859,Impidimp,8,"['Dark', 'Fairy']",265,45,45,30,55,40,50,Hatterene,Morgrem
860,Morgrem,8,"['Dark', 'Fairy']",370,65,60,45,75,55,70,Impidimp,Grimmsnarl
861,Grimmsnarl,8,"['Dark', 'Fairy']",510,95,120,65,95,75,60,Morgrem,Obstagoon
862,Obstagoon,8,"['Dark', 'Normal']",520,93,90,101,60,81,95,Grimmsnarl,Perrserker
863,Perrserker,8,"['Steel', 'Null']",440,70,110,100,50,60,50,Obstagoon,Cursola
864,Cursola,8,"['Ghost', 'Null']",510,60,95,50,145,130,30,Perrserker,Sirfetch'd
865,Sirfetch'd,8,"['Fighting', 'Null']",507,62,135,95,68,82,65,Cursola,Mr. Rime
866,Mr. Rime,8,"['Psychic', 'Ice']",520,80,85,75,110,100,70,Sirfetch'd,Runerigus
867,Runerigus,8,"['Ground', 'Ghost']",483,58,95,145,50,105,30,Mr. Rime,Milcery
868,Milcery,8,"['Fairy', 'Null']",270,45,40,40,50,61,34,Runerigus,Alcremie
869,Alcremie,8,"['Fairy', 'Null']",495,65,60,75,110,121,64,Milcery,Falinks
870,Falinks,8,"['Fighting', 'Null']",470,65,100,100,70,60,75,Alcremie,Pincurchin
871,Pincurchin,8,"['Electric', 'Null']",435,48,101,95,91,85,15,Falinks,Snom
872,Snom,8,"['Ice', 'Bug']",185,30,25,35,45,30,20,Pincurchin,Frosmoth
873,Frosmoth,8,"['Ice', 'Bug']",475,70,65,60,125,90,65,Snom,Stonjourner
874,Stonjourner,8,"['Rock', 'Null']",470,100,125,135,20,20,70,Frosmoth,Eiscue
875,Eiscue,8,"['Ice', 'Null']",470,75,80,110,65,90,50,Stonjourner,Indeedee
876,Indeedee,8,"['Psychic', 'Normal']",475,60,65,55,105,95,95,Eiscue,Morpeko
877,Morpeko,8,"['Electric', 'Dark']",436,58,95,58,70,58,97,Indeedee,Cufant
878,Cufant,8,"['Steel', 'Null']",330,72,80,49,40,49,40,Morpeko,Copperajah
879,Copperajah,8,"['Steel', 'Null']",500,122,130,69,80,69,30,Cufant,Dracozolt
880,Dracozolt,8,"['Electric', 'Dragon']",505,90,100,90,80,70,75,Copperajah,Arctozolt
881,Arctozolt,8,"['Electric', 'Ice']",505,90,100,90,90,80,55,Dracozolt,Dracovish
882,Dracovish,8,"['Water', 'Dragon']",505,90,90,100,70,80,75,Arctozolt,Arctovish
883,Arctovish,8,"['Water', 'Ice']",505,90,90,100,80,90,55,Dracovish,Duraludon
884,Duraludon,8,"['Steel', 'Dragon']",535,70,95,115,120,50,85,Arctovish,Dreepy
885,Dreepy,8,"['Dragon', 'Ghost']",270,28,60,30,40,30,82,Duraludon,Drakloak
886,Drakloak,8,"['Dragon', 'Ghost']",410,68,80,50,60,50,102,Dreepy,Dragapult
887,Dragapult,8,"['Dragon', 'Ghost']",600,88,120,75,100,75,142,Drakloak,Zacian
888,Zacian,8,"['Fairy', 'Steel']",720,92,170,115,80,115,148,Dragapult,Zamazenta
889,Zamazenta,8,"['Fighting', 'Steel']",720,92,130,145,80,145,128,Zacian,Eternatus
890,Eternatus,8,"['Poison', 'Dragon']",690,140,85,95,145,95,130,Zamazenta,Kubfu
891,Kubfu,8,"['Fighting', 'Null']",385,60,90,60,53,50,72,Eternatus,Urshifu
892,Urshifu,8,"['Fighting', 'Dark']",550,100,130,100,63,60,97,Kubfu,Zarude
893,Zarude,8,"['Dark', 'Grass']",600,105,120,105,70,95,105,Urshifu,Null
